nct,year,epoch,phase,int_class,n_arms,n_enroll,sponsor_class,overall_status,allocation,randomized,masking,masking_ord,blinded_any,blinded_double_plus,model,power_ok,comparator_kind,has_comparator,n_started,n_completed,attrition,low_attrition,pivotal,treatment,multiarm,has_results,has_result_ref,n_derived,has_derived,ipd,ipd_yes,dmc
NCT05420376,2022,2021-2026,NA,proc_device,2,80.0,OTHER_GOV,UNKNOWN,RANDOMIZED,True,DOUBLE,2,True,True,PARALLEL,True,active,True,,,,,False,True,False,False,False,0,False,UNDECIDED,False,False
NCT07401082,2024,2021-2026,NA,proc_device,3,75.0,OTHER,COMPLETED,RANDOMIZED,True,SINGLE,1,True,False,PARALLEL,True,active,True,,,,,False,True,True,False,False,1,True,NO,False,False
NCT06326944,2024,2021-2026,PHASE2,both,2,50.0,OTHER,COMPLETED,RANDOMIZED,True,DOUBLE,2,True,True,PARALLEL,True,active,True,,,,,False,False,False,False,False,0,False,UNDECIDED,False,False
NCT01922674,1999,<=2015,NA,proc_device,2,720.0,OTHER,COMPLETED,RANDOMIZED,True,NONE,0,False,False,PARALLEL,True,active,True,,,,,False,True,False,False,False,0,False,,False,True
NCT05073055,2021,2021-2026,NA,proc_device,2,35.0,OTHER,COMPLETED,RANDOMIZED,True,NONE,0,False,False,PARALLEL,True,active,True,,,,,False,True,False,False,True,0,False,NO,False,False
NCT07522853,2025,2021-2026,NA,proc_device,3,90.0,OTHER_GOV,COMPLETED,RANDOMIZED,True,SINGLE,1,True,False,PARALLEL,True,none/single-group,False,,,,,False,True,True,False,False,0,False,NO,False,
NCT06712212,2023,2021-2026,NA,proc_device,1,30.0,OTHER,ENROLLING_BY_INVITATION,NON_RANDOMIZED,False,NONE,0,False,False,SINGLE_GROUP,True,active,True,,,,,False,False,False,False,False,0,False,UNDECIDED,False,False
NCT07261189,2025,2021-2026,NA,proc_device,2,168.0,OTHER_GOV,COMPLETED,RANDOMIZED,True,SINGLE,1,True,False,PARALLEL,True,active,True,,,,,False,True,False,False,False,0,False,NO,False,False
NCT07235475,2025,2021-2026,PHASE3,proc_device,2,50.0,OTHER,COMPLETED,RANDOMIZED,True,DOUBLE,2,True,True,PARALLEL,False,active,True,,,,,True,True,False,False,False,0,False,,False,
NCT01090219,2008,<=2015,NA,proc_device,1,32.0,OTHER,UNKNOWN,RANDOMIZED,True,DOUBLE,2,True,True,PARALLEL,True,none/single-group,False,,,,,False,True,False,False,False,0,False,,False,True
NCT07127601,2023,2021-2026,NA,proc_device,2,50.0,OTHER,COMPLETED,RANDOMIZED,True,DOUBLE,2,True,True,PARALLEL,True,active,True,,,,,False,False,False,False,False,0,False,UNDECIDED,False,True
NCT05969613,2019,2016-2020,NA,proc_device,3,2.0,OTHER,COMPLETED,RANDOMIZED,True,SINGLE,1,True,False,CROSSOVER,False,active,True,,,,,False,True,True,False,False,0,False,,False,True
NCT01845376,2014,<=2015,NA,proc_device,3,54.0,OTHER,COMPLETED,RANDOMIZED,True,SINGLE,1,True,False,PARALLEL,True,none/single-group,False,,,,,False,True,True,False,False,0,False,NO,False,False
NCT07618884,2025,2021-2026,NA,proc_device,1,30.0,OTHER,RECRUITING,NA,False,NONE,0,False,False,SINGLE_GROUP,True,none/single-group,False,,,,,False,True,False,False,False,0,False,NO,False,False
NCT03033381,2016,2016-2020,NA,proc_device,2,23.0,OTHER,COMPLETED,RANDOMIZED,True,SINGLE,1,True,False,PARALLEL,False,placebo/sham,True,,,,,False,False,False,False,False,0,False,NO,False,False
NCT00032448,1998,<=2015,PHASE3,proc_device,1,2200.0,FED,COMPLETED,RANDOMIZED,True,NONE,0,False,False,PARALLEL,True,none/single-group,False,,,,,True,False,False,False,True,0,False,,False,False
NCT00568269,1996,<=2015,NA,proc_device,2,1513.0,OTHER,COMPLETED,RANDOMIZED,True,NONE,0,False,False,PARALLEL,True,active,True,,,,,False,True,False,False,True,1,True,,False,
NCT02537860,2015,<=2015,NA,both,2,200.0,OTHER,COMPLETED,RANDOMIZED,True,QUADRUPLE,4,True,True,PARALLEL,True,none/single-group,False,,,,,False,True,False,False,False,1,True,,False,False
NCT03488342,2015,<=2015,NA,proc_device,2,600.0,OTHER,UNKNOWN,RANDOMIZED,True,DOUBLE,2,True,True,SINGLE_GROUP,True,none/single-group,False,,,,,False,True,False,False,False,0,False,UNDECIDED,False,True
NCT02336256,2013,<=2015,NA,proc_device,2,34.0,OTHER,COMPLETED,RANDOMIZED,True,NONE,0,False,False,PARALLEL,True,active,True,,,,,False,True,False,False,False,0,False,,False,False
NCT05558748,2022,2021-2026,NA,proc_device,2,128.0,OTHER,UNKNOWN,RANDOMIZED,True,DOUBLE,2,True,True,PARALLEL,True,active,True,,,,,False,True,False,False,False,0,False,YES,True,True
NCT06599515,2023,2021-2026,NA,proc_device,2,100.0,OTHER,RECRUITING,NON_RANDOMIZED,False,NONE,0,False,False,PARALLEL,True,active,True,,,,,False,True,False,False,False,0,False,NO,False,False
NCT02297711,2014,<=2015,NA,proc_device,2,65.0,OTHER_GOV,COMPLETED,RANDOMIZED,True,NONE,0,False,False,PARALLEL,True,active,True,,,,,False,True,False,False,False,1,True,,False,True
NCT00925067,2003,<=2015,NA,proc_device,3,59.0,OTHER,COMPLETED,RANDOMIZED,True,DOUBLE,2,True,True,PARALLEL,True,none/single-group,False,,,,,False,True,True,False,False,1,True,,False,False
NCT03564535,2018,2016-2020,NA,proc_device,2,112.0,OTHER,UNKNOWN,RANDOMIZED,True,DOUBLE,2,True,True,PARALLEL,True,active,True,,,,,False,True,False,False,True,0,False,NO,False,False
NCT03563092,2018,2016-2020,NA,proc_device,2,100.0,OTHER,COMPLETED,RANDOMIZED,True,NONE,0,False,False,PARALLEL,True,active,True,,,,,False,True,False,False,False,0,False,,False,
NCT01052285,2010,<=2015,PHASE4,proc_device,3,90.0,OTHER,COMPLETED,RANDOMIZED,True,QUADRUPLE,4,True,True,PARALLEL,False,placebo/sham,True,,,,,True,True,True,False,False,1,True,,False,True
NCT05668208,2023,2021-2026,NA,proc_device,2,60.0,OTHER,COMPLETED,RANDOMIZED,True,SINGLE,1,True,False,PARALLEL,True,active,True,,,,,False,False,False,False,False,0,False,NO,False,False
NCT02871583,2013,<=2015,NA,proc_device,3,100.0,OTHER,COMPLETED,NON_RANDOMIZED,False,SINGLE,1,True,False,PARALLEL,True,active,True,,,,,False,True,True,False,False,0,False,YES,True,False
NCT00815698,2008,<=2015,NA,proc_device,2,334.0,OTHER,COMPLETED,RANDOMIZED,True,TRIPLE,3,True,True,PARALLEL,True,active,True,334.0,334.0,0.0,True,False,True,False,True,True,1,True,NO,False,False
NCT03566433,2017,2016-2020,NA,proc_device,2,200.0,OTHER,COMPLETED,RANDOMIZED,True,NONE,0,False,False,PARALLEL,True,active,True,,,,,False,True,False,False,False,1,True,NO,False,False
NCT06314152,2023,2021-2026,NA,proc_device,2,351.0,OTHER_GOV,COMPLETED,RANDOMIZED,True,DOUBLE,2,True,True,PARALLEL,True,active,True,,,,,False,True,False,False,False,0,False,UNDECIDED,False,False
NCT01984996,2013,<=2015,NA,proc_device,1,100.0,INDUSTRY,TERMINATED,NA,False,NONE,0,False,False,SINGLE_GROUP,True,none/single-group,False,,,,,False,True,False,False,False,0,False,,False,False
NCT07200076,2024,2021-2026,NA,proc_device,2,64.0,OTHER,COMPLETED,RANDOMIZED,True,NONE,0,False,False,PARALLEL,True,active,True,,,,,False,True,False,False,False,0,False,NO,False,True
NCT01592942,2012,<=2015,NA,proc_device,3,650.0,OTHER,UNKNOWN,RANDOMIZED,True,SINGLE,1,True,False,PARALLEL,True,active,True,,,,,False,True,True,False,False,0,False,,False,False
NCT03907176,2019,2016-2020,PHASE3,both,2,209.0,INDUSTRY,COMPLETED,NON_RANDOMIZED,False,NONE,0,False,False,PARALLEL,True,none/single-group,False,209.0,207.0,0.009569377990430672,True,True,True,False,True,False,0,False,UNDECIDED,False,
NCT02696122,2016,2016-2020,NA,proc_device,2,70.0,OTHER,COMPLETED,RANDOMIZED,True,SINGLE,1,True,False,PARALLEL,True,none/single-group,False,,,,,False,True,False,False,False,0,False,UNDECIDED,False,False
NCT04026243,2019,2016-2020,NA,proc_device,2,50.0,OTHER,COMPLETED,RANDOMIZED,True,SINGLE,1,True,False,PARALLEL,True,active,True,,,,,False,True,False,False,False,0,False,YES,True,
NCT06660550,2024,2021-2026,NA,proc_device,2,20.0,OTHER,RECRUITING,RANDOMIZED,True,SINGLE,1,True,False,PARALLEL,False,active,True,,,,,False,True,False,False,False,0,False,NO,False,
NCT07619053,2026,2021-2026,NA,proc_device,2,60.0,OTHER,NOT_YET_RECRUITING,RANDOMIZED,True,DOUBLE,2,True,True,PARALLEL,True,active,True,,,,,False,True,False,False,False,0,False,NO,False,False
NCT00492804,2005,<=2015,PHASE2,proc_device,2,200.0,OTHER,COMPLETED,RANDOMIZED,True,SINGLE,1,True,False,PARALLEL,True,none/single-group,False,,,,,False,False,False,False,False,0,False,,False,False
NCT02666040,2009,<=2015,NA,proc_device,2,1200.0,OTHER,UNKNOWN,RANDOMIZED,True,SINGLE,1,True,False,PARALLEL,True,active,True,,,,,False,False,False,False,False,0,False,,False,False
NCT04009213,2019,2016-2020,NA,proc_device,2,284.0,INDUSTRY,COMPLETED,RANDOMIZED,True,SINGLE,1,True,False,PARALLEL,True,active,True,284.0,266.0,0.06338028169014087,True,False,True,False,True,False,0,False,NO,False,False
NCT03052023,2016,2016-2020,NA,proc_device,3,60.0,OTHER,COMPLETED,RANDOMIZED,True,DOUBLE,2,True,True,PARALLEL,True,active,True,,,,,False,True,True,False,True,0,False,NO,False,False
NCT06664164,2024,2021-2026,NA,proc_device,2,67.0,OTHER_GOV,COMPLETED,RANDOMIZED,True,TRIPLE,3,True,True,PARALLEL,True,active,True,,,,,False,False,False,False,True,0,False,YES,True,False
NCT00687375,2007,<=2015,NA,proc_device,2,90.0,OTHER,UNKNOWN,RANDOMIZED,True,NONE,0,False,False,PARALLEL,True,none/single-group,False,,,,,False,True,False,False,False,0,False,,False,True
NCT07509957,2026,2021-2026,NA,proc_device,2,60.0,OTHER_GOV,COMPLETED,RANDOMIZED,True,DOUBLE,2,True,True,PARALLEL,True,no-intervention,True,,,,,False,True,False,False,False,0,False,NO,False,
NCT03856710,2017,2016-2020,NA,proc_device,2,47.0,OTHER,UNKNOWN,RANDOMIZED,True,DOUBLE,2,True,True,PARALLEL,True,active,True,,,,,False,True,False,False,False,0,False,YES,True,False
NCT01860469,2013,<=2015,PHASE2;PHASE3,proc_device,2,,OTHER,UNKNOWN,RANDOMIZED,True,SINGLE,1,True,False,PARALLEL,,active,True,,,,,True,False,False,False,False,0,False,,False,True
NCT02487628,2014,<=2015,NA,proc_device,2,144.0,INDUSTRY,UNKNOWN,RANDOMIZED,True,SINGLE,1,True,False,PARALLEL,True,active,True,,,,,False,True,False,False,False,0,False,,False,True
NCT02559102,2015,<=2015,PHASE3,both,2,104.0,OTHER_GOV,COMPLETED,RANDOMIZED,True,DOUBLE,2,True,True,PARALLEL,True,active,True,,,,,True,True,False,False,False,1,True,,False,True
NCT00484731,2006,<=2015,NA,proc_device,2,404.0,OTHER,COMPLETED,RANDOMIZED,True,TRIPLE,3,True,True,PARALLEL,True,placebo/sham,True,,,,,False,False,False,False,False,1,True,,False,True
NCT05600296,2022,2021-2026,PHASE1,both,2,46.0,INDUSTRY,COMPLETED,RANDOMIZED,True,TRIPLE,3,True,True,PARALLEL,True,active,True,,,,,False,True,False,False,False,0,False,NO,False,True
NCT02762747,2016,2016-2020,NA,proc_device,2,200.0,OTHER,UNKNOWN,RANDOMIZED,True,QUADRUPLE,4,True,True,SINGLE_GROUP,True,no-intervention,True,,,,,False,True,False,False,True,0,False,UNDECIDED,False,False
NCT04553328,2019,2016-2020,NA,proc_device,2,60.0,OTHER,COMPLETED,RANDOMIZED,True,SINGLE,1,True,False,PARALLEL,True,active,True,,,,,False,False,False,False,False,0,False,YES,True,True
NCT06556498,2021,2021-2026,PHASE4,proc_device,2,150.0,OTHER,ENROLLING_BY_INVITATION,RANDOMIZED,True,NONE,0,False,False,PARALLEL,True,active,True,,,,,True,True,False,False,False,1,True,NO,False,False
NCT02500056,2011,<=2015,NA,proc_device,2,143.0,OTHER,COMPLETED,RANDOMIZED,True,SINGLE,1,True,False,PARALLEL,True,active,True,143.0,128.0,0.1048951048951049,True,False,True,False,True,False,0,False,,False,False
NCT07649434,2026,2021-2026,NA,proc_device,2,90.0,OTHER,NOT_YET_RECRUITING,RANDOMIZED,True,DOUBLE,2,True,True,PARALLEL,True,active,True,,,,,False,True,False,False,False,0,False,YES,True,True
NCT02712827,2016,2016-2020,NA,proc_device,2,150.0,OTHER,COMPLETED,RANDOMIZED,True,SINGLE,1,True,False,PARALLEL,True,active,True,,,,,False,True,False,False,False,0,False,NO,False,True
NCT04762264,2019,2016-2020,NA,proc_device,3,30.0,OTHER,COMPLETED,NON_RANDOMIZED,False,NONE,0,False,False,SEQUENTIAL,True,active,True,,,,,False,False,True,False,False,0,False,YES,True,False
NCT07605377,2022,2021-2026,NA,proc_device,2,60.0,OTHER,COMPLETED,RANDOMIZED,True,NONE,0,False,False,PARALLEL,True,active,True,,,,,False,True,False,False,False,0,False,NO,False,False
NCT05672680,2019,2016-2020,PHASE2;PHASE3,both,2,100.0,OTHER,COMPLETED,RANDOMIZED,True,QUADRUPLE,4,True,True,PARALLEL,True,placebo/sham,True,100.0,90.0,0.09999999999999998,True,True,True,False,True,False,0,False,NO,False,False
NCT01622712,2013,<=2015,NA,proc_device,1,235.0,OTHER,COMPLETED,NA,False,NONE,0,False,False,SINGLE_GROUP,True,none/single-group,False,,,,,False,True,False,False,False,0,False,,False,False
NCT07604259,2026,2021-2026,NA,proc_device,3,90.0,OTHER,NOT_YET_RECRUITING,RANDOMIZED,True,DOUBLE,2,True,True,PARALLEL,True,active,True,,,,,False,True,True,False,False,0,False,NO,False,
NCT02632097,2013,<=2015,NA,proc_device,2,370.0,OTHER,COMPLETED,RANDOMIZED,True,DOUBLE,2,True,True,PARALLEL,True,none/single-group,False,,,,,False,True,False,False,True,1,True,NO,False,False
NCT00263250,1999,<=2015,NA,proc_device,0,724.0,OTHER,COMPLETED,RANDOMIZED,True,NONE,0,False,False,SINGLE_GROUP,True,none/single-group,False,,,,,False,True,False,False,True,4,True,,False,False
NCT04079504,2019,2016-2020,NA,proc_device,2,70.0,OTHER,COMPLETED,RANDOMIZED,True,DOUBLE,2,True,True,PARALLEL,True,active,True,,,,,False,True,False,False,False,0,False,YES,True,False
NCT02696837,2016,2016-2020,NA,both,4,80.0,OTHER,COMPLETED,RANDOMIZED,True,SINGLE,1,True,False,PARALLEL,True,active,True,,,,,False,False,True,False,True,0,False,UNDECIDED,False,True
NCT04891601,2015,<=2015,NA,proc_device,2,228.0,OTHER,COMPLETED,RANDOMIZED,True,NONE,0,False,False,PARALLEL,True,active,True,,,,,False,True,False,False,False,0,False,UNDECIDED,False,False
NCT05666973,2023,2021-2026,NA,proc_device,2,60.0,OTHER,UNKNOWN,RANDOMIZED,True,DOUBLE,2,True,True,PARALLEL,True,active,True,,,,,False,True,False,False,False,0,False,NO,False,True
NCT01505686,2012,<=2015,NA,proc_device,1,22.0,OTHER,COMPLETED,NA,False,NONE,0,False,False,SINGLE_GROUP,False,none/single-group,False,,,,,False,False,False,False,False,0,False,,False,False
NCT01334775,2011,<=2015,NA,proc_device,2,70.0,OTHER,TERMINATED,RANDOMIZED,True,TRIPLE,3,True,True,PARALLEL,True,active,True,,,,,False,True,False,False,False,0,False,,False,False
NCT07511764,2025,2021-2026,NA,proc_device,2,266.0,OTHER,RECRUITING,RANDOMIZED,True,DOUBLE,2,True,True,PARALLEL,True,active,True,,,,,False,False,False,False,False,0,False,YES,True,False
NCT00293995,2006,<=2015,NA,proc_device,2,360.0,OTHER,COMPLETED,RANDOMIZED,True,NONE,0,False,False,PARALLEL,True,none/single-group,False,,,,,False,True,False,False,False,0,False,,False,
NCT05706662,2018,2016-2020,NA,proc_device,2,188.0,OTHER,COMPLETED,RANDOMIZED,True,NONE,0,False,False,PARALLEL,True,active,True,,,,,False,True,False,False,False,0,False,NO,False,False
NCT01000116,2009,<=2015,NA,proc_device,2,112.0,OTHER,COMPLETED,RANDOMIZED,True,QUADRUPLE,4,True,True,PARALLEL,True,active,True,,,,,False,True,False,False,False,1,True,,False,True
NCT03352375,2015,<=2015,NA,proc_device,2,150.0,OTHER,COMPLETED,RANDOMIZED,True,NONE,0,False,False,PARALLEL,True,active,True,,,,,False,True,False,False,False,0,False,NO,False,True
NCT06514859,2024,2021-2026,NA,proc_device,2,50.0,OTHER,UNKNOWN,RANDOMIZED,True,NONE,0,False,False,PARALLEL,True,active,True,,,,,False,True,False,False,False,0,False,,False,False
NCT00282074,2006,<=2015,PHASE2;PHASE3,proc_device,0,30.0,OTHER_GOV,TERMINATED,NON_RANDOMIZED,False,NONE,0,False,False,SINGLE_GROUP,False,none/single-group,False,,,,,True,False,False,False,False,0,False,,False,
NCT00659542,2007,<=2015,PHASE2,proc_device,2,300.0,OTHER,COMPLETED,RANDOMIZED,True,SINGLE,1,True,False,PARALLEL,True,no-intervention,True,,,,,False,True,False,False,False,2,True,,False,False
NCT02723045,2016,2016-2020,NA,proc_device,2,100.0,OTHER,UNKNOWN,RANDOMIZED,True,NONE,0,False,False,PARALLEL,True,active,True,,,,,False,True,False,False,False,0,False,NO,False,False
NCT01003509,2001,<=2015,NA,proc_device,2,50.0,OTHER,UNKNOWN,RANDOMIZED,True,SINGLE,1,True,False,PARALLEL,True,no-intervention,True,,,,,False,True,False,False,False,0,False,,False,False
NCT03450811,2018,2016-2020,NA,proc_device,2,120.0,OTHER,COMPLETED,NON_RANDOMIZED,False,SINGLE,1,True,False,PARALLEL,True,active,True,,,,,False,False,False,False,True,0,False,UNDECIDED,False,True
NCT01740193,2012,<=2015,NA,proc_device,2,59.0,OTHER,COMPLETED,RANDOMIZED,True,DOUBLE,2,True,True,PARALLEL,True,active,True,,,,,False,True,False,False,False,0,False,,False,False
NCT02932033,2016,2016-2020,NA,proc_device,2,100.0,OTHER,UNKNOWN,RANDOMIZED,True,DOUBLE,2,True,True,FACTORIAL,True,active,True,,,,,False,True,False,False,False,0,False,NO,False,True
NCT05306496,2022,2021-2026,NA,proc_device,0,196.0,INDUSTRY,ACTIVE_NOT_RECRUITING,NA,False,NONE,0,False,False,SINGLE_GROUP,True,none/single-group,False,,,,,False,True,False,False,False,0,False,NO,False,False
NCT01548794,2012,<=2015,PHASE4,proc_device,3,93.0,OTHER,COMPLETED,RANDOMIZED,True,DOUBLE,2,True,True,PARALLEL,False,active,True,,,,,True,False,True,False,False,0,False,,False,False
NCT01876342,2013,<=2015,NA,proc_device,2,60.0,OTHER,UNKNOWN,RANDOMIZED,True,SINGLE,1,True,False,PARALLEL,True,active,True,,,,,False,True,False,False,False,0,False,UNDECIDED,False,False
NCT04792164,2021,2021-2026,NA,proc_device,2,136.0,OTHER,UNKNOWN,RANDOMIZED,True,DOUBLE,2,True,True,PARALLEL,True,none/single-group,False,,,,,False,False,False,False,False,0,False,,False,
NCT01622725,2013,<=2015,NA,proc_device,2,95.0,OTHER,COMPLETED,RANDOMIZED,True,DOUBLE,2,True,True,PARALLEL,True,active,True,,,,,False,True,False,False,False,0,False,,False,False
NCT03678272,2013,<=2015,NA,proc_device,4,270.0,OTHER,COMPLETED,RANDOMIZED,True,DOUBLE,2,True,True,PARALLEL,True,active,True,,,,,False,True,True,False,False,0,False,,False,True
NCT01793571,2012,<=2015,NA,proc_device,2,30.0,OTHER,UNKNOWN,RANDOMIZED,True,DOUBLE,2,True,True,PARALLEL,True,active,True,,,,,False,True,False,False,False,0,False,,False,False
NCT02779205,2012,<=2015,NA,proc_device,2,38.0,OTHER,COMPLETED,NON_RANDOMIZED,False,NONE,0,False,False,PARALLEL,True,none/single-group,False,,,,,False,False,False,False,True,0,False,NO,False,False
NCT05929378,2023,2021-2026,NA,proc_device,2,351.0,OTHER_GOV,COMPLETED,RANDOMIZED,True,DOUBLE,2,True,True,PARALLEL,True,active,True,,,,,False,True,False,False,False,0,False,,False,False
NCT06871605,2025,2021-2026,NA,proc_device,2,80.0,OTHER,RECRUITING,RANDOMIZED,True,SINGLE,1,True,False,PARALLEL,True,active,True,,,,,False,True,False,False,False,0,False,,False,
NCT00960011,2009,<=2015,NA,proc_device,2,58.0,OTHER,COMPLETED,RANDOMIZED,True,TRIPLE,3,True,True,PARALLEL,True,active,True,58.0,45.0,0.22413793103448276,False,False,True,False,True,False,1,True,YES,True,False
NCT01591395,2010,<=2015,NA,proc_device,2,100.0,OTHER,UNKNOWN,RANDOMIZED,True,SINGLE,1,True,False,PARALLEL,True,active,True,,,,,False,True,False,False,False,0,False,,False,True
NCT03534895,2019,2016-2020,PHASE4,both,3,168.0,OTHER,UNKNOWN,RANDOMIZED,True,DOUBLE,2,True,True,PARALLEL,True,placebo/sham,True,,,,,True,True,True,False,False,0,False,YES,True,False
NCT00625534,2008,<=2015,PHASE4,proc_device,2,260.0,OTHER,UNKNOWN,RANDOMIZED,True,NONE,0,False,False,PARALLEL,True,active,True,,,,,True,True,False,False,False,0,False,,False,False
NCT05308251,2020,2016-2020,NA,proc_device,2,108.0,OTHER,COMPLETED,RANDOMIZED,True,DOUBLE,2,True,True,PARALLEL,True,active,True,,,,,False,True,False,False,True,1,True,UNDECIDED,False,False
NCT04779918,2021,2021-2026,NA,proc_device,1,160.0,INDUSTRY,RECRUITING,NA,False,NONE,0,False,False,SINGLE_GROUP,True,none/single-group,False,,,,,False,True,False,False,False,0,False,NO,False,False
NCT06786702,2024,2021-2026,NA,proc_device,2,106.0,OTHER_GOV,RECRUITING,RANDOMIZED,True,NONE,0,False,False,PARALLEL,True,active,True,,,,,False,True,False,False,True,0,False,NO,False,False
NCT05934266,2023,2021-2026,PHASE4,proc_device,2,160.0,OTHER,ACTIVE_NOT_RECRUITING,RANDOMIZED,True,TRIPLE,3,True,True,PARALLEL,True,no-intervention,True,,,,,True,True,False,False,False,0,False,YES,True,False
NCT01350830,2007,<=2015,PHASE4,proc_device,2,253.0,OTHER,COMPLETED,RANDOMIZED,True,NONE,0,False,False,PARALLEL,True,active,True,,,,,True,True,False,False,False,0,False,,False,True
NCT01699971,2006,<=2015,NA,proc_device,1,160.0,OTHER,COMPLETED,RANDOMIZED,True,SINGLE,1,True,False,PARALLEL,True,active,True,,,,,False,True,False,False,False,0,False,,False,False
NCT04131985,2019,2016-2020,NA,proc_device,2,60.0,OTHER_GOV,COMPLETED,RANDOMIZED,True,SINGLE,1,True,False,PARALLEL,True,no-intervention,True,,,,,False,False,False,False,False,0,False,,False,False
NCT00827944,2008,<=2015,PHASE4,proc_device,2,603.0,INDUSTRY,COMPLETED,RANDOMIZED,True,SINGLE,1,True,False,PARALLEL,True,active,True,603.0,481.0,0.20232172470978438,False,True,True,False,True,False,1,True,,False,False
NCT00597194,2002,<=2015,NA,proc_device,2,89.0,OTHER,COMPLETED,RANDOMIZED,True,SINGLE,1,True,False,PARALLEL,True,active,True,,,,,False,True,False,False,False,1,True,,False,False
NCT04114344,2019,2016-2020,NA,proc_device,2,78.0,OTHER,UNKNOWN,RANDOMIZED,True,TRIPLE,3,True,True,PARALLEL,True,active,True,,,,,False,True,False,False,False,0,False,NO,False,True
NCT06327763,2022,2021-2026,NA,proc_device,2,196.0,OTHER_GOV,COMPLETED,RANDOMIZED,True,NONE,0,False,False,PARALLEL,True,no-intervention,True,,,,,False,False,False,False,False,1,True,,False,
NCT05682742,2022,2021-2026,NA,proc_device,1,53.0,INDUSTRY,ACTIVE_NOT_RECRUITING,NA,False,NONE,0,False,False,SINGLE_GROUP,True,none/single-group,False,,,,,False,False,False,False,False,1,True,,False,True
NCT02457728,2015,<=2015,NA,proc_device,1,34.0,OTHER,COMPLETED,NA,False,NONE,0,False,False,SINGLE_GROUP,True,none/single-group,False,34.0,34.0,0.0,True,False,True,False,True,False,0,False,,False,False
NCT04372212,2020,2016-2020,NA,proc_device,2,100.0,OTHER,UNKNOWN,RANDOMIZED,True,NONE,0,False,False,PARALLEL,True,active,True,,,,,False,True,False,False,True,0,False,YES,True,True
NCT06155253,2024,2021-2026,NA,proc_device,2,90.0,OTHER_GOV,COMPLETED,RANDOMIZED,True,DOUBLE,2,True,True,PARALLEL,True,active,True,,,,,False,True,False,False,False,0,False,,False,
NCT04295629,2017,2016-2020,NA,proc_device,2,60.0,OTHER_GOV,COMPLETED,RANDOMIZED,True,NONE,0,False,False,PARALLEL,True,active,True,,,,,False,False,False,False,False,0,False,NO,False,False
NCT05919836,2023,2021-2026,NA,proc_device,3,69.0,OTHER,UNKNOWN,RANDOMIZED,True,NONE,0,False,False,PARALLEL,True,active,True,,,,,False,True,True,False,False,0,False,UNDECIDED,False,
NCT04927624,2021,2021-2026,NA,proc_device,2,60.0,OTHER,UNKNOWN,RANDOMIZED,True,NONE,0,False,False,PARALLEL,True,active,True,,,,,False,True,False,False,False,0,False,NO,False,False
NCT06098105,2023,2021-2026,NA,both,3,66.0,OTHER,COMPLETED,RANDOMIZED,True,NONE,0,False,False,PARALLEL,True,active,True,,,,,False,True,True,False,False,0,False,YES,True,False
NCT05420818,2022,2021-2026,NA,proc_device,2,80.0,OTHER_GOV,UNKNOWN,RANDOMIZED,True,DOUBLE,2,True,True,PARALLEL,True,no-intervention,True,,,,,False,True,False,False,False,0,False,UNDECIDED,False,True
NCT00793286,2004,<=2015,NA,proc_device,2,80.0,OTHER,COMPLETED,RANDOMIZED,True,SINGLE,1,True,False,PARALLEL,True,none/single-group,False,,,,,False,True,False,False,False,0,False,,False,False
NCT04850131,2019,2016-2020,NA,proc_device,2,82.0,OTHER_GOV,COMPLETED,RANDOMIZED,True,DOUBLE,2,True,True,PARALLEL,True,active,True,,,,,False,True,False,False,False,0,False,NO,False,True
NCT07627425,2026,2021-2026,NA,proc_device,2,100.0,OTHER,ENROLLING_BY_INVITATION,RANDOMIZED,True,DOUBLE,2,True,True,PARALLEL,True,active,True,,,,,False,True,False,False,False,0,False,NO,False,False
NCT06417359,2023,2021-2026,NA,proc_device,2,60.0,OTHER,UNKNOWN,RANDOMIZED,True,NONE,0,False,False,PARALLEL,True,active,True,,,,,False,True,False,False,True,1,True,NO,False,False
NCT02292095,2016,2016-2020,PHASE4,proc_device,2,260.0,OTHER,UNKNOWN,RANDOMIZED,True,DOUBLE,2,True,True,PARALLEL,True,active,True,,,,,True,True,False,False,False,0,False,,False,False
NCT06061068,2023,2021-2026,NA,proc_device,2,678.0,OTHER_GOV,COMPLETED,RANDOMIZED,True,NONE,0,False,False,PARALLEL,True,no-intervention,True,,,,,False,True,False,False,False,0,False,,False,False
NCT00580177,2000,<=2015,PHASE4,proc_device,3,472.0,OTHER,COMPLETED,RANDOMIZED,True,SINGLE,1,True,False,PARALLEL,True,active,True,,,,,True,True,True,False,False,0,False,,False,False
NCT07346742,2025,2021-2026,NA,both,3,174.0,OTHER,RECRUITING,RANDOMIZED,True,QUADRUPLE,4,True,True,PARALLEL,True,placebo/sham,True,,,,,False,False,True,False,False,0,False,NO,False,True
NCT06406959,2024,2021-2026,NA,proc_device,2,78.0,OTHER,UNKNOWN,RANDOMIZED,True,DOUBLE,2,True,True,PARALLEL,True,no-intervention,True,,,,,False,False,False,False,False,0,False,NO,False,
NCT06070207,2023,2021-2026,NA,proc_device,2,40.0,OTHER,COMPLETED,RANDOMIZED,True,NONE,0,False,False,PARALLEL,True,active,True,,,,,False,True,False,False,False,0,False,NO,False,False
NCT04203940,2018,2016-2020,NA,proc_device,2,40.0,OTHER,COMPLETED,RANDOMIZED,True,TRIPLE,3,True,True,PARALLEL,True,active,True,,,,,False,True,False,False,False,0,False,UNDECIDED,False,False
NCT07238829,2027,2021-2026,NA,proc_device,2,104.0,OTHER,NOT_YET_RECRUITING,RANDOMIZED,True,SINGLE,1,True,False,PARALLEL,True,active,True,,,,,False,True,False,False,True,0,False,NO,False,False
NCT07108972,2024,2021-2026,NA,proc_device,2,60.0,OTHER,ACTIVE_NOT_RECRUITING,NON_RANDOMIZED,False,NONE,0,False,False,PARALLEL,True,active,True,,,,,False,True,False,False,False,0,False,NO,False,
NCT07442188,2026,2021-2026,NA,proc_device,2,60.0,OTHER_GOV,RECRUITING,RANDOMIZED,True,SINGLE,1,True,False,PARALLEL,True,active,True,,,,,False,True,False,False,False,0,False,,False,False
NCT04805580,2021,2021-2026,NA,proc_device,2,50.0,OTHER_GOV,UNKNOWN,RANDOMIZED,True,DOUBLE,2,True,True,PARALLEL,True,active,True,,,,,False,True,False,False,False,0,False,YES,True,
NCT01641718,2013,<=2015,NA,both,4,82.0,OTHER,COMPLETED,RANDOMIZED,True,TRIPLE,3,True,True,PARALLEL,True,active,True,,,,,False,False,True,False,False,0,False,,False,False
NCT06752252,2024,2021-2026,NA,proc_device,3,158.0,OTHER_GOV,RECRUITING,RANDOMIZED,True,DOUBLE,2,True,True,PARALLEL,True,active,True,,,,,False,True,True,False,False,0,False,NO,False,False
NCT02634255,2015,<=2015,PHASE3,both,2,50.0,OTHER_GOV,UNKNOWN,RANDOMIZED,True,SINGLE,1,True,False,PARALLEL,False,active,True,,,,,True,True,False,False,False,0,False,UNDECIDED,False,False
NCT03258736,2017,2016-2020,NA,proc_device,2,110.0,OTHER,COMPLETED,RANDOMIZED,True,DOUBLE,2,True,True,CROSSOVER,True,none/single-group,False,,,,,False,True,False,False,False,0,False,NO,False,False
NCT06120114,2015,<=2015,NA,proc_device,1,20.0,OTHER,COMPLETED,NA,False,NONE,0,False,False,SINGLE_GROUP,False,none/single-group,False,,,,,False,True,False,False,False,0,False,NO,False,False
NCT03203343,2017,2016-2020,NA,proc_device,2,32.0,OTHER,COMPLETED,RANDOMIZED,True,SINGLE,1,True,False,PARALLEL,True,active,True,,,,,False,True,False,False,False,1,True,YES,True,False
NCT05837013,2023,2021-2026,NA,proc_device,4,34.0,OTHER,COMPLETED,RANDOMIZED,True,SINGLE,1,True,False,PARALLEL,True,active,True,,,,,False,True,True,False,False,0,False,NO,False,
NCT05136534,2019,2016-2020,NA,proc_device,2,132.0,OTHER,COMPLETED,RANDOMIZED,True,NONE,0,False,False,PARALLEL,True,active,True,,,,,False,True,False,False,False,1,True,,False,False
NCT01117337,2008,<=2015,PHASE4,proc_device,1,104.0,OTHER,COMPLETED,RANDOMIZED,True,TRIPLE,3,True,True,PARALLEL,True,no-intervention,True,104.0,100.0,0.038461538461538436,True,True,True,False,True,False,1,True,,False,True
NCT00934388,2011,<=2015,PHASE3,proc_device,2,80.0,OTHER_GOV,UNKNOWN,RANDOMIZED,True,TRIPLE,3,True,True,PARALLEL,False,active,True,,,,,True,True,False,False,False,0,False,,False,False
NCT02367573,2015,<=2015,NA,proc_device,2,278.0,OTHER,COMPLETED,RANDOMIZED,True,SINGLE,1,True,False,PARALLEL,True,active,True,,,,,False,True,False,False,False,1,True,,False,
NCT07695935,2026,2021-2026,NA,both,2,80.0,OTHER,RECRUITING,RANDOMIZED,True,SINGLE,1,True,False,PARALLEL,True,active,True,,,,,False,True,False,False,False,0,False,,False,False
NCT05820503,2023,2021-2026,NA,proc_device,3,112.0,OTHER,COMPLETED,RANDOMIZED,True,NONE,0,False,False,PARALLEL,True,no-intervention,True,,,,,False,True,True,False,False,0,False,NO,False,
NCT07264699,2025,2021-2026,NA,proc_device,2,100.0,OTHER,RECRUITING,RANDOMIZED,True,DOUBLE,2,True,True,PARALLEL,True,no-intervention,True,,,,,False,True,False,False,False,0,False,NO,False,False
NCT04282720,2020,2016-2020,NA,proc_device,1,9.0,OTHER,COMPLETED,NA,False,NONE,0,False,False,SINGLE_GROUP,False,none/single-group,False,9.0,9.0,0.0,True,False,False,False,True,False,0,False,NO,False,False
NCT03739060,2018,2016-2020,NA,proc_device,2,80.0,OTHER,COMPLETED,RANDOMIZED,True,DOUBLE,2,True,True,PARALLEL,True,placebo/sham,True,,,,,False,True,False,False,False,1,True,,False,
NCT06856304,2022,2021-2026,NA,proc_device,2,109.0,OTHER,COMPLETED,RANDOMIZED,True,NONE,0,False,False,PARALLEL,True,none/single-group,False,,,,,False,True,False,False,False,0,False,NO,False,True
NCT06451432,2024,2021-2026,NA,proc_device,2,464.0,OTHER,RECRUITING,RANDOMIZED,True,NONE,0,False,False,PARALLEL,True,active,True,,,,,False,True,False,False,False,1,True,,False,True
NCT06050538,2021,2021-2026,NA,proc_device,2,44.0,OTHER,COMPLETED,RANDOMIZED,True,DOUBLE,2,True,True,PARALLEL,True,active,True,,,,,False,True,False,False,False,0,False,,False,
NCT02813057,2012,<=2015,NA,proc_device,2,50.0,OTHER,COMPLETED,RANDOMIZED,True,NONE,0,False,False,PARALLEL,True,active,True,,,,,False,True,False,False,False,1,True,NO,False,True
NCT04171102,2013,<=2015,NA,proc_device,3,15.0,OTHER,COMPLETED,NON_RANDOMIZED,False,SINGLE,1,True,False,SEQUENTIAL,False,active,True,15.0,15.0,0.0,True,False,True,True,True,True,0,False,YES,True,False
NCT05678465,2023,2021-2026,NA,proc_device,2,204.0,OTHER,COMPLETED,RANDOMIZED,True,TRIPLE,3,True,True,PARALLEL,True,none/single-group,False,,,,,False,True,False,False,False,1,True,YES,True,False
NCT01391455,2011,<=2015,NA,proc_device,2,220.0,OTHER,UNKNOWN,RANDOMIZED,True,NONE,0,False,False,PARALLEL,True,no-intervention,True,,,,,False,False,False,False,False,0,False,,False,True
NCT04269330,2020,2016-2020,NA,proc_device,2,200.0,OTHER,COMPLETED,RANDOMIZED,True,SINGLE,1,True,False,PARALLEL,True,placebo/sham,True,,,,,False,True,False,False,False,0,False,,False,False
NCT03392636,2016,2016-2020,NA,proc_device,2,260.0,OTHER,COMPLETED,RANDOMIZED,True,TRIPLE,3,True,True,PARALLEL,True,none/single-group,False,,,,,False,True,False,False,False,0,False,NO,False,True
NCT03477201,2019,2016-2020,NA,proc_device,2,42.0,OTHER,COMPLETED,RANDOMIZED,True,SINGLE,1,True,False,PARALLEL,True,active,True,,,,,False,False,False,False,False,0,False,NO,False,True
NCT06380621,2018,2016-2020,NA,proc_device,2,60.0,OTHER,COMPLETED,NON_RANDOMIZED,False,NONE,0,False,False,PARALLEL,True,active,True,,,,,False,True,False,False,False,0,False,,False,True
NCT07311902,2024,2021-2026,NA,proc_device,2,60.0,OTHER_GOV,RECRUITING,RANDOMIZED,True,DOUBLE,2,True,True,PARALLEL,True,active,True,,,,,False,False,False,False,False,0,False,NO,False,False
NCT07681700,2024,2021-2026,NA,proc_device,2,48.0,OTHER,COMPLETED,RANDOMIZED,True,NONE,0,False,False,PARALLEL,True,none/single-group,False,,,,,False,True,False,False,False,0,False,YES,True,
NCT00749268,2008,<=2015,PHASE4,proc_device,2,216.0,INDUSTRY,COMPLETED,RANDOMIZED,True,DOUBLE,2,True,True,PARALLEL,True,active,True,216.0,146.0,0.32407407407407407,False,True,True,False,True,False,0,False,,False,False
NCT06356987,2021,2021-2026,NA,proc_device,2,66.0,OTHER,COMPLETED,RANDOMIZED,True,NONE,0,False,False,PARALLEL,True,active,True,,,,,False,True,False,False,False,0,False,NO,False,False
NCT05813847,2023,2021-2026,PHASE3,both,3,518.0,INDUSTRY,COMPLETED,RANDOMIZED,True,QUADRUPLE,4,True,True,PARALLEL,True,placebo/sham,True,,,,,True,True,True,False,False,0,False,NO,False,True
NCT07608653,2026,2021-2026,NA,proc_device,1,10.0,OTHER,RECRUITING,NA,False,NONE,0,False,False,SINGLE_GROUP,False,none/single-group,False,,,,,False,True,False,False,False,0,False,NO,False,
NCT05839587,2022,2021-2026,NA,proc_device,2,150.0,OTHER,COMPLETED,RANDOMIZED,True,NONE,0,False,False,PARALLEL,True,active,True,,,,,False,True,False,False,False,2,True,NO,False,False
NCT01877122,2013,<=2015,PHASE4,proc_device,2,50.0,INDUSTRY,COMPLETED,RANDOMIZED,True,SINGLE,1,True,False,PARALLEL,False,active,True,,,,,True,False,False,False,False,0,False,,False,False
NCT00788554,2000,<=2015,PHASE3,proc_device,2,660.0,OTHER,COMPLETED,RANDOMIZED,True,NONE,0,False,False,PARALLEL,True,active,True,,,,,True,True,False,False,False,2,True,,False,True
NCT01026935,2008,<=2015,NA,proc_device,2,398.0,OTHER,COMPLETED,RANDOMIZED,True,DOUBLE,2,True,True,PARALLEL,True,none/single-group,False,,,,,False,True,False,False,False,1,True,,False,False
NCT01698268,2012,<=2015,NA,proc_device,2,50.0,OTHER,COMPLETED,RANDOMIZED,True,SINGLE,1,True,False,PARALLEL,True,active,True,50.0,47.0,0.06000000000000005,True,False,True,False,True,False,0,False,NO,False,True
NCT01141335,2009,<=2015,PHASE4,proc_device,2,70.0,OTHER,COMPLETED,RANDOMIZED,True,DOUBLE,2,True,True,PARALLEL,False,active,True,,,,,True,True,False,False,False,0,False,,False,False
NCT07267494,2026,2021-2026,NA,proc_device,1,30.0,OTHER,NOT_YET_RECRUITING,NA,False,NONE,0,False,False,SINGLE_GROUP,True,none/single-group,False,,,,,False,True,False,False,False,0,False,NO,False,False
NCT00924755,2009,<=2015,PHASE4,proc_device,0,25.0,INDUSTRY,UNKNOWN,NA,False,NONE,0,False,False,SINGLE_GROUP,False,none/single-group,False,,,,,True,True,False,False,False,0,False,,False,False
NCT00451893,2006,<=2015,NA,proc_device,2,412.0,OTHER,COMPLETED,RANDOMIZED,True,SINGLE,1,True,False,PARALLEL,True,active,True,,,,,False,True,False,False,True,1,True,,False,False
NCT06885788,2024,2021-2026,NA,proc_device,8,466.0,OTHER_GOV,RECRUITING,RANDOMIZED,True,DOUBLE,2,True,True,PARALLEL,True,no-intervention,True,,,,,False,False,True,False,False,0,False,,False,False
NCT03512366,2017,2016-2020,NA,proc_device,2,55.0,OTHER,UNKNOWN,RANDOMIZED,True,DOUBLE,2,True,True,PARALLEL,True,active,True,,,,,False,True,False,False,False,1,True,NO,False,False
NCT00500214,2005,<=2015,PHASE2,proc_device,0,,OTHER,COMPLETED,RANDOMIZED,True,DOUBLE,2,True,True,PARALLEL,,none/single-group,False,,,,,False,False,False,False,False,0,False,,False,False
NCT04718298,2019,2016-2020,NA,proc_device,1,50.0,OTHER,COMPLETED,NA,False,NONE,0,False,False,SEQUENTIAL,True,none/single-group,False,,,,,False,True,False,False,False,0,False,NO,False,False
NCT06884826,2022,2021-2026,NA,proc_device,1,150.0,OTHER,COMPLETED,NA,False,NONE,0,False,False,SINGLE_GROUP,True,none/single-group,False,,,,,False,True,False,False,False,0,False,YES,True,
NCT07316517,2026,2021-2026,NA,proc_device,1,30.0,INDUSTRY,NOT_YET_RECRUITING,NA,False,NONE,0,False,False,SINGLE_GROUP,True,none/single-group,False,,,,,False,True,False,False,False,0,False,NO,False,False
NCT06879860,2024,2021-2026,NA,proc_device,2,150.0,OTHER_GOV,ENROLLING_BY_INVITATION,RANDOMIZED,True,DOUBLE,2,True,True,PARALLEL,True,active,True,,,,,False,True,False,False,False,0,False,,False,False
NCT04628455,2018,2016-2020,NA,proc_device,1,53.0,OTHER,COMPLETED,NA,False,NONE,0,False,False,SINGLE_GROUP,True,none/single-group,False,,,,,False,True,False,False,True,0,False,NO,False,False
NCT01842204,2013,<=2015,NA,proc_device,2,50.0,OTHER,COMPLETED,RANDOMIZED,True,DOUBLE,2,True,True,SINGLE_GROUP,True,placebo/sham,True,,,,,False,True,False,False,False,0,False,,False,False
NCT02770703,2016,2016-2020,NA,proc_device,3,60.0,OTHER,TERMINATED,RANDOMIZED,True,SINGLE,1,True,False,PARALLEL,True,none/single-group,False,,,,,False,True,True,False,False,0,False,NO,False,False
NCT01348477,2010,<=2015,NA,proc_device,2,168.0,OTHER_GOV,UNKNOWN,RANDOMIZED,True,DOUBLE,2,True,True,PARALLEL,True,active,True,,,,,False,True,False,False,False,0,False,,False,True
NCT05847842,2023,2021-2026,NA,proc_device,3,90.0,OTHER,COMPLETED,RANDOMIZED,True,QUADRUPLE,4,True,True,PARALLEL,True,active,True,,,,,False,True,True,False,False,0,False,NO,False,True
NCT01578538,2012,<=2015,NA,proc_device,2,200.0,OTHER,UNKNOWN,RANDOMIZED,True,NONE,0,False,False,PARALLEL,True,active,True,,,,,False,True,False,False,False,0,False,,False,False
NCT04462510,2019,2016-2020,NA,proc_device,2,60.0,OTHER,COMPLETED,RANDOMIZED,True,SINGLE,1,True,False,PARALLEL,True,none/single-group,False,,,,,False,True,False,False,False,1,True,,False,True
NCT03922048,2023,2021-2026,PHASE2,both,10,0.0,INDUSTRY,WITHDRAWN,RANDOMIZED,True,TRIPLE,3,True,True,SEQUENTIAL,False,active,True,,,,,False,True,True,False,False,0,False,UNDECIDED,False,
NCT07334548,2025,2021-2026,NA,proc_device,2,64.0,OTHER,COMPLETED,RANDOMIZED,True,NONE,0,False,False,PARALLEL,True,active,True,,,,,False,True,False,False,False,0,False,,False,
NCT03128216,2017,2016-2020,NA,both,3,48.0,OTHER,UNKNOWN,RANDOMIZED,True,DOUBLE,2,True,True,PARALLEL,True,active,True,,,,,False,True,True,False,False,0,False,NO,False,False
NCT04788771,2021,2021-2026,NA,proc_device,2,40.0,OTHER_GOV,COMPLETED,RANDOMIZED,True,SINGLE,1,True,False,PARALLEL,True,placebo/sham,True,,,,,False,False,False,False,True,0,False,NO,False,False
NCT02036983,2013,<=2015,NA,proc_device,3,75.0,OTHER,COMPLETED,RANDOMIZED,True,SINGLE,1,True,False,SINGLE_GROUP,True,placebo/sham,True,,,,,False,True,True,False,False,1,True,,False,False
NCT00184483,2001,<=2015,NA,proc_device,2,405.0,OTHER,COMPLETED,RANDOMIZED,True,NONE,0,False,False,PARALLEL,True,active,True,,,,,False,True,False,False,False,0,False,,False,False
NCT01678638,2013,<=2015,NA,proc_device,2,338.0,OTHER,COMPLETED,RANDOMIZED,True,NONE,0,False,False,PARALLEL,True,active,True,,,,,False,True,False,False,False,1,True,NO,False,True
NCT03133533,2018,2016-2020,NA,proc_device,2,0.0,OTHER,WITHDRAWN,RANDOMIZED,True,NONE,0,False,False,PARALLEL,False,active,True,,,,,False,True,False,False,False,0,False,NO,False,False
NCT03247985,2013,<=2015,NA,proc_device,2,38.0,OTHER,COMPLETED,RANDOMIZED,True,SINGLE,1,True,False,PARALLEL,True,active,True,38.0,38.0,0.0,True,False,True,False,True,False,0,False,,False,False
NCT04303182,2020,2016-2020,NA,proc_device,2,200.0,OTHER,COMPLETED,RANDOMIZED,True,DOUBLE,2,True,True,PARALLEL,True,active,True,200.0,200.0,0.0,True,False,True,False,True,False,0,False,NO,False,True
NCT05504122,2012,<=2015,NA,proc_device,2,102.0,OTHER,COMPLETED,RANDOMIZED,True,DOUBLE,2,True,True,PARALLEL,True,placebo/sham,True,,,,,False,True,False,False,False,0,False,NO,False,False
NCT07423910,2025,2021-2026,NA,both,4,200.0,OTHER,RECRUITING,RANDOMIZED,True,QUADRUPLE,4,True,True,FACTORIAL,True,placebo/sham,True,,,,,False,True,True,False,False,1,True,NO,False,False
NCT01637818,1999,<=2015,NA,both,2,594.0,OTHER,COMPLETED,RANDOMIZED,True,NONE,0,False,False,PARALLEL,True,none/single-group,False,,,,,False,True,False,False,True,1,True,,False,False
NCT07360691,2026,2021-2026,NA,proc_device,1,30.0,OTHER,COMPLETED,NA,False,NONE,0,False,False,SINGLE_GROUP,True,none/single-group,False,30.0,30.0,0.0,True,False,True,False,True,False,0,False,YES,True,False
NCT01193985,2009,<=2015,NA,proc_device,1,40.0,INDUSTRY,COMPLETED,NA,False,NONE,0,False,False,SINGLE_GROUP,True,none/single-group,False,,,,,False,True,False,False,False,0,False,,False,False
NCT07533383,2026,2021-2026,NA,proc_device,2,80.0,OTHER,NOT_YET_RECRUITING,RANDOMIZED,True,SINGLE,1,True,False,PARALLEL,True,active,True,,,,,False,True,False,False,True,0,False,NO,False,False
NCT00642200,1997,<=2015,NA,proc_device,2,100.0,OTHER,COMPLETED,RANDOMIZED,True,NONE,0,False,False,PARALLEL,True,active,True,,,,,False,True,False,False,False,1,True,,False,False
NCT04149847,2019,2016-2020,NA,proc_device,2,158.0,OTHER,UNKNOWN,RANDOMIZED,True,DOUBLE,2,True,True,PARALLEL,True,none/single-group,False,,,,,False,False,False,False,False,0,False,NO,False,False
NCT04875598,2021,2021-2026,NA,proc_device,2,60.0,OTHER,UNKNOWN,RANDOMIZED,True,TRIPLE,3,True,True,CROSSOVER,True,active,True,,,,,False,False,False,False,False,0,False,UNDECIDED,False,False
NCT07351760,2023,2021-2026,NA,proc_device,1,37.0,OTHER,COMPLETED,NA,False,NONE,0,False,False,SINGLE_GROUP,True,none/single-group,False,,,,,False,True,False,False,False,0,False,YES,True,False
NCT03421925,2018,2016-2020,NA,proc_device,2,150.0,OTHER,UNKNOWN,RANDOMIZED,True,SINGLE,1,True,False,PARALLEL,True,none/single-group,False,,,,,False,True,False,False,False,0,False,NO,False,True
NCT03904888,2019,2016-2020,NA,proc_device,4,200.0,OTHER,RECRUITING,RANDOMIZED,True,QUADRUPLE,4,True,True,PARALLEL,True,none/single-group,False,,,,,False,False,True,False,False,0,False,NO,False,False
NCT05863624,2024,2021-2026,NA,proc_device,2,170.0,OTHER,NOT_YET_RECRUITING,RANDOMIZED,True,SINGLE,1,True,False,PARALLEL,True,active,True,,,,,False,True,False,False,False,0,False,NO,False,False
NCT04357665,2014,<=2015,NA,proc_device,3,120.0,OTHER,COMPLETED,RANDOMIZED,True,TRIPLE,3,True,True,PARALLEL,True,active,True,,,,,False,True,True,False,False,0,False,NO,False,True
NCT00614419,2003,<=2015,PHASE4,proc_device,2,70.0,OTHER,COMPLETED,RANDOMIZED,True,DOUBLE,2,True,True,PARALLEL,False,active,True,,,,,True,True,False,False,False,0,False,,False,False
NCT02599623,2016,2016-2020,NA,proc_device,2,80.0,OTHER,UNKNOWN,RANDOMIZED,True,NONE,0,False,False,PARALLEL,True,active,True,,,,,False,True,False,False,False,0,False,UNDECIDED,False,True
NCT06391528,2024,2021-2026,NA,proc_device,2,60.0,OTHER,UNKNOWN,RANDOMIZED,True,DOUBLE,2,True,True,PARALLEL,True,active,True,,,,,False,False,False,False,False,0,False,NO,False,False
NCT07289490,2026,2021-2026,NA,proc_device,2,2200.0,OTHER,NOT_YET_RECRUITING,RANDOMIZED,True,NONE,0,False,False,PARALLEL,True,active,True,,,,,False,True,False,False,False,0,False,NO,False,False
NCT03695367,2018,2016-2020,PHASE2,both,2,63.0,INDUSTRY,COMPLETED,NON_RANDOMIZED,False,NONE,0,False,False,SEQUENTIAL,True,none/single-group,False,63.0,58.0,0.07936507936507942,True,False,False,False,True,False,0,False,,False,
NCT06862167,2018,2016-2020,NA,proc_device,2,200.0,OTHER,COMPLETED,RANDOMIZED,True,NONE,0,False,False,PARALLEL,True,active,True,,,,,False,True,False,False,False,0,False,YES,True,
NCT00681291,2008,<=2015,PHASE4,proc_device,2,172.0,INDUSTRY,COMPLETED,RANDOMIZED,True,DOUBLE,2,True,True,PARALLEL,True,active,True,172.0,132.0,0.2325581395348837,False,True,True,False,True,False,1,True,,False,False
NCT05896072,2023,2021-2026,NA,proc_device,2,66.0,OTHER,UNKNOWN,RANDOMIZED,True,NONE,0,False,False,PARALLEL,True,active,True,,,,,False,False,False,False,True,0,False,NO,False,
NCT00311935,2006,<=2015,NA,proc_device,0,350.0,OTHER_GOV,UNKNOWN,RANDOMIZED,True,NONE,0,False,False,PARALLEL,True,none/single-group,False,,,,,False,True,False,False,False,0,False,,False,False
NCT02545270,2016,2016-2020,NA,proc_device,3,16.0,OTHER,COMPLETED,RANDOMIZED,True,TRIPLE,3,True,True,PARALLEL,False,none/single-group,False,16.0,13.0,0.1875,True,False,False,True,True,False,0,False,,False,True
NCT02467140,2015,<=2015,NA,proc_device,2,500.0,OTHER,UNKNOWN,RANDOMIZED,True,SINGLE,1,True,False,PARALLEL,True,active,True,,,,,False,True,False,False,False,0,False,,False,True
NCT07527065,2025,2021-2026,NA,proc_device,2,70.0,OTHER,ENROLLING_BY_INVITATION,RANDOMIZED,True,DOUBLE,2,True,True,PARALLEL,True,active,True,,,,,False,True,False,False,False,0,False,NO,False,
NCT01467830,2011,<=2015,NA,proc_device,2,0.0,OTHER,WITHDRAWN,RANDOMIZED,True,SINGLE,1,True,False,PARALLEL,False,none/single-group,False,,,,,False,True,False,False,False,0,False,,False,False
NCT04300153,2020,2016-2020,NA,proc_device,2,73.0,OTHER,COMPLETED,RANDOMIZED,True,QUADRUPLE,4,True,True,PARALLEL,True,placebo/sham,True,,,,,False,True,False,False,False,0,False,NO,False,True
NCT04138329,2018,2016-2020,NA,proc_device,2,40.0,OTHER,COMPLETED,RANDOMIZED,True,DOUBLE,2,True,True,PARALLEL,True,active,True,,,,,False,False,False,False,False,1,True,NO,False,True
NCT02329938,2010,<=2015,NA,proc_device,2,155.0,OTHER,COMPLETED,RANDOMIZED,True,SINGLE,1,True,False,SINGLE_GROUP,True,active,True,,,,,False,True,False,False,False,1,True,,False,
NCT06894420,2025,2021-2026,NA,proc_device,2,60.0,OTHER_GOV,RECRUITING,RANDOMIZED,True,NONE,0,False,False,PARALLEL,True,active,True,,,,,False,False,False,False,False,0,False,YES,True,False
NCT02741492,2016,2016-2020,NA,proc_device,2,90.0,OTHER,COMPLETED,RANDOMIZED,True,TRIPLE,3,True,True,PARALLEL,True,placebo/sham,True,,,,,False,True,False,False,False,1,True,UNDECIDED,False,True
NCT02620566,2015,<=2015,PHASE1;PHASE2,proc_device,2,80.0,OTHER,COMPLETED,RANDOMIZED,True,DOUBLE,2,True,True,PARALLEL,True,active,True,,,,,False,True,False,False,False,0,False,,False,True
NCT06203743,2024,2021-2026,NA,proc_device,3,102.0,OTHER_GOV,COMPLETED,RANDOMIZED,True,QUADRUPLE,4,True,True,PARALLEL,True,active,True,,,,,False,False,True,False,False,0,False,NO,False,True
NCT03640598,2018,2016-2020,NA,proc_device,2,60.0,OTHER,COMPLETED,RANDOMIZED,True,NONE,0,False,False,PARALLEL,True,none/single-group,False,,,,,False,False,False,False,False,0,False,UNDECIDED,False,True
NCT06445504,2024,2021-2026,NA,proc_device,1,206.0,INDUSTRY,ACTIVE_NOT_RECRUITING,NA,False,NONE,0,False,False,SINGLE_GROUP,True,none/single-group,False,193.0,193.0,0.0,True,False,True,False,True,False,0,False,UNDECIDED,False,False
NCT06936423,2024,2021-2026,NA,proc_device,2,43.0,OTHER,COMPLETED,NON_RANDOMIZED,False,NONE,0,False,False,PARALLEL,True,active,True,,,,,False,True,False,False,False,0,False,YES,True,True
NCT02062775,2013,<=2015,NA,proc_device,2,285.0,OTHER,COMPLETED,RANDOMIZED,True,SINGLE,1,True,False,PARALLEL,True,placebo/sham,True,,,,,False,True,False,False,False,0,False,,False,True
NCT01520857,2011,<=2015,NA,proc_device,2,140.0,OTHER,COMPLETED,RANDOMIZED,True,SINGLE,1,True,False,PARALLEL,True,active,True,,,,,False,True,False,False,False,0,False,,False,False
NCT06412445,2023,2021-2026,NA,proc_device,2,50.0,OTHER,UNKNOWN,RANDOMIZED,True,NONE,0,False,False,PARALLEL,True,active,True,,,,,False,True,False,False,False,0,False,NO,False,False
NCT06778629,2025,2021-2026,NA,proc_device,2,60.0,OTHER,RECRUITING,RANDOMIZED,True,DOUBLE,2,True,True,PARALLEL,True,active,True,,,,,False,True,False,False,True,0,False,NO,False,False
NCT00306839,2006,<=2015,PHASE4,proc_device,2,325.0,OTHER,COMPLETED,RANDOMIZED,True,DOUBLE,2,True,True,PARALLEL,True,none/single-group,False,,,,,True,True,False,False,False,1,True,,False,True
NCT04764760,1987,<=2015,NA,proc_device,2,486.0,OTHER,COMPLETED,NON_RANDOMIZED,False,NONE,0,False,False,SINGLE_GROUP,True,none/single-group,False,,,,,False,True,False,False,False,0,False,YES,True,False
NCT01871181,2013,<=2015,NA,proc_device,2,20.0,OTHER,TERMINATED,RANDOMIZED,True,DOUBLE,2,True,True,PARALLEL,False,active,True,,,,,False,False,False,False,False,0,False,,False,False
NCT02604732,2016,2016-2020,NA,proc_device,2,100.0,OTHER,UNKNOWN,RANDOMIZED,True,DOUBLE,2,True,True,PARALLEL,True,active,True,,,,,False,False,False,False,False,1,True,,False,False
NCT03276871,2017,2016-2020,NA,proc_device,2,40.0,OTHER,COMPLETED,RANDOMIZED,True,SINGLE,1,True,False,PARALLEL,True,active,True,40.0,40.0,0.0,True,False,True,False,True,False,1,True,NO,False,
NCT01727050,2007,<=2015,PHASE3,proc_device,2,129.0,OTHER,COMPLETED,RANDOMIZED,True,DOUBLE,2,True,True,PARALLEL,True,active,True,,,,,True,True,False,False,False,1,True,,False,False
NCT05610943,2022,2021-2026,NA,proc_device,2,60.0,OTHER,COMPLETED,RANDOMIZED,True,SINGLE,1,True,False,PARALLEL,True,active,True,,,,,False,True,False,False,False,0,False,NO,False,False
NCT05466084,2020,2016-2020,NA,proc_device,2,50.0,OTHER,COMPLETED,RANDOMIZED,True,NONE,0,False,False,PARALLEL,True,none/single-group,False,,,,,False,True,False,False,False,0,False,NO,False,
NCT05216276,2022,2021-2026,NA,proc_device,2,182.0,OTHER,ACTIVE_NOT_RECRUITING,RANDOMIZED,True,DOUBLE,2,True,True,PARALLEL,True,active,True,,,,,False,True,False,False,False,2,True,NO,False,True
NCT07386067,2025,2021-2026,NA,proc_device,1,100.0,OTHER_GOV,COMPLETED,NA,False,NONE,0,False,False,SINGLE_GROUP,True,none/single-group,False,,,,,False,True,False,False,False,0,False,NO,False,False
NCT03438786,2018,2016-2020,NA,proc_device,2,30.0,OTHER,UNKNOWN,RANDOMIZED,True,SINGLE,1,True,False,PARALLEL,True,none/single-group,False,,,,,False,True,False,False,False,0,False,UNDECIDED,False,False
NCT06664177,2024,2021-2026,NA,proc_device,2,60.0,OTHER_GOV,RECRUITING,RANDOMIZED,True,DOUBLE,2,True,True,CROSSOVER,True,active,True,,,,,False,False,False,False,True,0,False,YES,True,False
NCT03835351,2019,2016-2020,NA,proc_device,2,491.0,OTHER,COMPLETED,RANDOMIZED,True,SINGLE,1,True,False,PARALLEL,True,no-intervention,True,491.0,491.0,0.0,True,False,True,False,True,False,2,True,NO,False,
NCT04272424,2016,2016-2020,NA,proc_device,3,3.0,OTHER_GOV,COMPLETED,RANDOMIZED,True,SINGLE,1,True,False,PARALLEL,False,active,True,,,,,False,True,True,False,False,0,False,NO,False,False
NCT04059640,2021,2021-2026,NA,proc_device,1,109.0,INDUSTRY,ACTIVE_NOT_RECRUITING,NA,False,NONE,0,False,False,SINGLE_GROUP,True,none/single-group,False,,,,,False,True,False,False,False,0,False,NO,False,False
NCT06604572,2022,2021-2026,NA,proc_device,2,70.0,OTHER,RECRUITING,RANDOMIZED,True,TRIPLE,3,True,True,PARALLEL,True,none/single-group,False,,,,,False,True,False,False,False,0,False,UNDECIDED,False,False
NCT03734224,2018,2016-2020,NA,proc_device,2,270.0,OTHER,COMPLETED,RANDOMIZED,True,NONE,0,False,False,PARALLEL,True,active,True,,,,,False,True,False,False,False,1,True,,False,
NCT03193723,2016,2016-2020,NA,proc_device,2,96.0,OTHER,COMPLETED,RANDOMIZED,True,TRIPLE,3,True,True,PARALLEL,True,active,True,,,,,False,True,False,False,False,0,False,NO,False,False
NCT05159232,2018,2016-2020,NA,proc_device,2,334.0,OTHER,COMPLETED,RANDOMIZED,True,NONE,0,False,False,PARALLEL,True,active,True,,,,,False,True,False,False,False,0,False,NO,False,True
NCT02781870,2016,2016-2020,NA,proc_device,2,100.0,OTHER,RECRUITING,RANDOMIZED,True,QUADRUPLE,4,True,True,PARALLEL,True,none/single-group,False,,,,,False,False,False,False,False,0,False,NO,False,False
NCT02302937,2011,<=2015,NA,proc_device,2,100.0,OTHER,COMPLETED,RANDOMIZED,True,DOUBLE,2,True,True,SINGLE_GROUP,True,active,True,,,,,False,True,False,False,True,1,True,,False,False
NCT00941941,2009,<=2015,NA,proc_device,2,98.0,OTHER,UNKNOWN,RANDOMIZED,True,DOUBLE,2,True,True,PARALLEL,True,active,True,,,,,False,True,False,False,False,0,False,,False,True
NCT03326700,2015,<=2015,NA,proc_device,2,176.0,OTHER,COMPLETED,RANDOMIZED,True,NONE,0,False,False,PARALLEL,True,active,True,,,,,False,True,False,False,False,0,False,NO,False,True
NCT07252999,2025,2021-2026,NA,proc_device,2,40.0,OTHER,RECRUITING,RANDOMIZED,True,NONE,0,False,False,PARALLEL,True,active,True,,,,,False,True,False,False,True,0,False,NO,False,True
NCT03167047,2016,2016-2020,NA,both,2,50.0,OTHER,UNKNOWN,RANDOMIZED,True,SINGLE,1,True,False,PARALLEL,True,active,True,,,,,False,False,False,False,False,0,False,UNDECIDED,False,True
NCT01589796,2012,<=2015,NA,proc_device,2,100.0,OTHER,UNKNOWN,RANDOMIZED,True,NONE,0,False,False,PARALLEL,True,active,True,,,,,False,True,False,False,False,0,False,,False,True
NCT06417346,2023,2021-2026,NA,proc_device,2,160.0,OTHER,UNKNOWN,RANDOMIZED,True,NONE,0,False,False,PARALLEL,True,active,True,,,,,False,True,False,False,True,1,True,NO,False,False
NCT02984917,2017,2016-2020,NA,proc_device,2,2000.0,OTHER,UNKNOWN,RANDOMIZED,True,DOUBLE,2,True,True,PARALLEL,True,none/single-group,False,,,,,False,True,False,False,False,1,True,UNDECIDED,False,True
NCT06329817,2024,2021-2026,NA,proc_device,2,100.0,OTHER,UNKNOWN,RANDOMIZED,True,SINGLE,1,True,False,PARALLEL,True,none/single-group,False,,,,,False,False,False,False,False,0,False,,False,True
NCT02469142,2015,<=2015,PHASE2;PHASE3,proc_device,2,100.0,OTHER,UNKNOWN,RANDOMIZED,True,NONE,0,False,False,PARALLEL,True,placebo/sham,True,,,,,True,True,False,False,False,1,True,,False,True
NCT07461558,2026,2021-2026,NA,proc_device,2,380.0,OTHER,RECRUITING,RANDOMIZED,True,SINGLE,1,True,False,PARALLEL,True,active,True,,,,,False,True,False,False,False,0,False,NO,False,True
NCT01660048,2011,<=2015,NA,proc_device,2,100.0,OTHER,COMPLETED,RANDOMIZED,True,SINGLE,1,True,False,PARALLEL,True,active,True,,,,,False,True,False,False,True,1,True,,False,True
NCT03665883,2018,2016-2020,NA,proc_device,2,103.0,OTHER,COMPLETED,RANDOMIZED,True,TRIPLE,3,True,True,PARALLEL,True,active,True,,,,,False,True,False,False,True,0,False,NO,False,False
NCT03701126,2018,2016-2020,NA,both,2,44.0,OTHER_GOV,UNKNOWN,RANDOMIZED,True,NONE,0,False,False,PARALLEL,True,active,True,,,,,False,True,False,False,False,0,False,,False,
NCT04211142,2020,2016-2020,NA,proc_device,2,216.0,OTHER,UNKNOWN,RANDOMIZED,True,NONE,0,False,False,PARALLEL,True,active,True,,,,,False,True,False,False,False,0,False,,False,True
NCT06975826,2025,2021-2026,NA,proc_device,2,50.0,OTHER,NOT_YET_RECRUITING,RANDOMIZED,True,SINGLE,1,True,False,PARALLEL,True,active,True,,,,,False,True,False,False,False,0,False,,False,False
NCT07343570,2026,2021-2026,PHASE3,proc_device,2,66.0,OTHER,NOT_YET_RECRUITING,RANDOMIZED,True,DOUBLE,2,True,True,PARALLEL,False,active,True,,,,,True,False,False,False,False,0,False,YES,True,
NCT00716768,2007,<=2015,NA,proc_device,2,42.0,OTHER,COMPLETED,RANDOMIZED,True,SINGLE,1,True,False,PARALLEL,True,active,True,,,,,False,True,False,False,False,0,False,,False,False
NCT05799742,2016,2016-2020,NA,proc_device,2,37.0,OTHER,COMPLETED,RANDOMIZED,True,SINGLE,1,True,False,PARALLEL,True,active,True,,,,,False,True,False,False,False,1,True,YES,True,False
NCT01085500,2010,<=2015,NA,proc_device,2,50.0,OTHER,COMPLETED,RANDOMIZED,True,SINGLE,1,True,False,PARALLEL,True,none/single-group,False,50.0,50.0,0.0,True,False,False,False,True,True,0,False,,False,False
NCT00940433,2008,<=2015,NA,proc_device,4,100.0,OTHER,COMPLETED,RANDOMIZED,True,DOUBLE,2,True,True,PARALLEL,True,active,True,,,,,False,True,True,False,False,0,False,,False,False
NCT05152654,2019,2016-2020,NA,proc_device,2,100.0,OTHER,COMPLETED,RANDOMIZED,True,SINGLE,1,True,False,PARALLEL,True,no-intervention,True,,,,,False,True,False,False,True,1,True,NO,False,False
NCT06023394,2023,2021-2026,NA,proc_device,2,62.0,OTHER,COMPLETED,RANDOMIZED,True,NONE,0,False,False,PARALLEL,True,none/single-group,False,62.0,50.0,0.19354838709677424,True,False,False,False,True,False,1,True,NO,False,
NCT05430984,2020,2016-2020,NA,proc_device,2,100.0,OTHER,COMPLETED,RANDOMIZED,True,QUADRUPLE,4,True,True,PARALLEL,True,active,True,,,,,False,True,False,False,False,0,False,,False,False
NCT01960777,2014,<=2015,NA,proc_device,2,188.0,OTHER,COMPLETED,RANDOMIZED,True,SINGLE,1,True,False,PARALLEL,True,active,True,,,,,False,True,False,False,False,1,True,,False,False
NCT00226161,2005,<=2015,NA,proc_device,0,,OTHER,TERMINATED,RANDOMIZED,True,SINGLE,1,True,False,PARALLEL,,none/single-group,False,,,,,False,False,False,False,False,0,False,,False,
NCT02197585,2007,<=2015,NA,proc_device,2,150.0,OTHER,COMPLETED,RANDOMIZED,True,SINGLE,1,True,False,PARALLEL,True,active,True,,,,,False,True,False,False,False,0,False,,False,True
NCT01020058,2006,<=2015,NA,proc_device,2,384.0,OTHER,COMPLETED,RANDOMIZED,True,NONE,0,False,False,PARALLEL,True,active,True,,,,,False,True,False,False,False,2,True,,False,False
NCT02023203,2011,<=2015,NA,proc_device,2,100.0,OTHER,COMPLETED,RANDOMIZED,True,DOUBLE,2,True,True,CROSSOVER,True,active,True,,,,,False,True,False,False,False,1,True,,False,False
NCT04437784,2014,<=2015,NA,proc_device,3,180.0,OTHER,COMPLETED,RANDOMIZED,True,DOUBLE,2,True,True,PARALLEL,True,active,True,,,,,False,True,True,False,False,0,False,NO,False,True
NCT07350187,2024,2021-2026,NA,proc_device,2,95.0,OTHER,COMPLETED,RANDOMIZED,True,DOUBLE,2,True,True,PARALLEL,True,active,True,,,,,False,False,False,False,False,0,False,NO,False,
NCT06258317,2024,2021-2026,NA,proc_device,2,30.0,OTHER,NOT_YET_RECRUITING,NON_RANDOMIZED,False,NONE,0,False,False,PARALLEL,True,none/single-group,False,,,,,False,False,False,False,False,0,False,,False,
NCT01969006,2014,<=2015,PHASE2,both,2,0.0,OTHER,WITHDRAWN,RANDOMIZED,True,QUADRUPLE,4,True,True,PARALLEL,False,placebo/sham,True,,,,,False,False,False,False,False,0,False,,False,False
NCT00803985,2008,<=2015,NA,proc_device,2,416.0,OTHER,COMPLETED,RANDOMIZED,True,NONE,0,False,False,PARALLEL,True,active,True,,,,,False,True,False,False,False,1,True,UNDECIDED,False,False
NCT04679116,2021,2021-2026,NA,proc_device,2,100.0,OTHER,UNKNOWN,NON_RANDOMIZED,False,NONE,0,False,False,PARALLEL,True,none/single-group,False,,,,,False,True,False,False,True,0,False,NO,False,False
NCT05091853,2021,2021-2026,NA,proc_device,2,174.0,OTHER,COMPLETED,RANDOMIZED,True,SINGLE,1,True,False,PARALLEL,True,active,True,,,,,False,True,False,False,False,1,True,NO,False,False
NCT02053168,2014,<=2015,NA,proc_device,1,33.0,INDUSTRY,COMPLETED,NA,False,NONE,0,False,False,SINGLE_GROUP,True,none/single-group,False,25.0,22.0,0.12,True,False,True,False,True,False,0,False,UNDECIDED,False,False
NCT00393887,2007,<=2015,NA,proc_device,2,100.0,INDUSTRY,COMPLETED,RANDOMIZED,True,QUADRUPLE,4,True,True,PARALLEL,True,active,True,100.0,75.0,0.25,False,False,True,False,True,False,0,False,,False,False
NCT05717530,2023,2021-2026,NA,proc_device,3,90.0,OTHER,COMPLETED,RANDOMIZED,True,SINGLE,1,True,False,PARALLEL,True,active,True,,,,,False,True,True,False,False,0,False,NO,False,False
NCT06462066,2020,2016-2020,NA,proc_device,2,101.0,INDUSTRY,COMPLETED,RANDOMIZED,True,NONE,0,False,False,PARALLEL,True,active,True,,,,,False,False,False,False,False,0,False,,False,False
NCT03820570,2012,<=2015,NA,proc_device,1,200.0,OTHER,COMPLETED,NA,False,NONE,0,False,False,SINGLE_GROUP,True,none/single-group,False,,,,,False,True,False,False,False,0,False,,False,False
NCT07609836,2026,2021-2026,NA,proc_device,2,150.0,OTHER,NOT_YET_RECRUITING,RANDOMIZED,True,DOUBLE,2,True,True,PARALLEL,True,active,True,,,,,False,True,False,False,False,0,False,NO,False,True
NCT06867029,2023,2021-2026,NA,proc_device,2,30.0,OTHER,COMPLETED,RANDOMIZED,True,NONE,0,False,False,PARALLEL,True,active,True,,,,,False,True,False,False,False,0,False,UNDECIDED,False,True
NCT04815707,2021,2021-2026,PHASE2,proc_device,2,252.0,OTHER,ACTIVE_NOT_RECRUITING,RANDOMIZED,True,SINGLE,1,True,False,PARALLEL,True,no-intervention,True,,,,,False,True,False,False,False,0,False,,False,False
NCT05633173,2022,2021-2026,NA,proc_device,2,62.0,OTHER,COMPLETED,RANDOMIZED,True,SINGLE,1,True,False,PARALLEL,True,active,True,,,,,False,True,False,False,False,0,False,NO,False,False
NCT07251400,2025,2021-2026,NA,proc_device,3,10.0,OTHER_GOV,ACTIVE_NOT_RECRUITING,RANDOMIZED,True,DOUBLE,2,True,True,PARALLEL,False,active,True,,,,,False,True,True,False,False,0,False,NO,False,False
NCT05280860,2021,2021-2026,NA,proc_device,2,320.0,OTHER,UNKNOWN,RANDOMIZED,True,SINGLE,1,True,False,PARALLEL,True,no-intervention,True,,,,,False,True,False,False,False,0,False,NO,False,
NCT02240550,2014,<=2015,NA,proc_device,2,50.0,INDUSTRY,COMPLETED,RANDOMIZED,True,DOUBLE,2,True,True,PARALLEL,True,active,True,,,,,False,True,False,False,False,0,False,,False,False
NCT06997536,2022,2021-2026,NA,proc_device,4,80.0,OTHER,COMPLETED,RANDOMIZED,True,SINGLE,1,True,False,FACTORIAL,True,no-intervention,True,,,,,False,False,True,False,False,1,True,NO,False,
NCT06661707,2024,2021-2026,NA,proc_device,2,44.0,OTHER,NOT_YET_RECRUITING,RANDOMIZED,True,QUADRUPLE,4,True,True,PARALLEL,True,active,True,,,,,False,True,False,False,False,0,False,,False,
NCT00966589,2008,<=2015,NA,proc_device,2,50.0,OTHER,COMPLETED,RANDOMIZED,True,SINGLE,1,True,False,SINGLE_GROUP,True,placebo/sham,True,,,,,False,True,False,False,False,1,True,UNDECIDED,False,True
NCT00649142,2007,<=2015,NA,proc_device,2,455.0,OTHER,COMPLETED,NON_RANDOMIZED,False,NONE,0,False,False,PARALLEL,True,active,True,,,,,False,False,False,False,False,0,False,,False,False
NCT00587704,2007,<=2015,NA,proc_device,2,50.0,OTHER,COMPLETED,RANDOMIZED,True,DOUBLE,2,True,True,PARALLEL,True,none/single-group,False,,,,,False,False,False,False,False,0,False,,False,
NCT06070142,2022,2021-2026,NA,proc_device,2,60.0,OTHER,COMPLETED,RANDOMIZED,True,NONE,0,False,False,PARALLEL,True,active,True,,,,,False,True,False,False,False,1,True,NO,False,False
NCT02415543,2016,2016-2020,NA,proc_device,2,100.0,OTHER,UNKNOWN,RANDOMIZED,True,SINGLE,1,True,False,PARALLEL,True,active,True,,,,,False,True,False,False,False,0,False,UNDECIDED,False,True
NCT03931902,2019,2016-2020,NA,proc_device,2,43.0,OTHER,COMPLETED,RANDOMIZED,True,SINGLE,1,True,False,PARALLEL,True,active,True,,,,,False,True,False,False,False,0,False,NO,False,False
NCT04033055,2019,2016-2020,NA,proc_device,2,304.0,INDUSTRY,COMPLETED,RANDOMIZED,True,TRIPLE,3,True,True,PARALLEL,True,active,True,,,,,False,True,False,False,False,0,False,,False,True
NCT05484635,2022,2021-2026,NA,proc_device,2,70.0,OTHER,RECRUITING,RANDOMIZED,True,DOUBLE,2,True,True,CROSSOVER,True,active,True,,,,,False,True,False,False,False,0,False,UNDECIDED,False,False
NCT02748629,2015,<=2015,NA,proc_device,2,143.0,OTHER,COMPLETED,RANDOMIZED,True,SINGLE,1,True,False,PARALLEL,True,active,True,,,,,False,True,False,False,True,0,False,UNDECIDED,False,False
NCT01825187,2014,<=2015,NA,proc_device,3,75.0,OTHER,COMPLETED,RANDOMIZED,True,NONE,0,False,False,PARALLEL,True,active,True,75.0,72.0,0.040000000000000036,True,False,True,True,True,False,1,True,NO,False,False
NCT03237481,2017,2016-2020,PHASE3,both,3,418.0,INDUSTRY,COMPLETED,RANDOMIZED,True,TRIPLE,3,True,True,PARALLEL,True,placebo/sham,True,418.0,410.0,0.019138755980861233,True,True,False,True,True,False,2,True,,False,
NCT03126084,2017,2016-2020,PHASE4,both,3,90.0,OTHER,COMPLETED,RANDOMIZED,True,QUADRUPLE,4,True,True,PARALLEL,False,active,True,,,,,True,True,True,False,False,1,True,NO,False,False
NCT02001948,2009,<=2015,PHASE4,both,2,46.0,OTHER,COMPLETED,RANDOMIZED,True,DOUBLE,2,True,True,PARALLEL,False,active,True,,,,,True,True,False,False,False,0,False,,False,False
NCT02928146,2017,2016-2020,NA,proc_device,3,150.0,OTHER,UNKNOWN,RANDOMIZED,True,SINGLE,1,True,False,SINGLE_GROUP,True,active,True,,,,,False,True,True,False,False,0,False,UNDECIDED,False,False
NCT07676123,2025,2021-2026,NA,proc_device,2,66.0,OTHER,ACTIVE_NOT_RECRUITING,RANDOMIZED,True,QUADRUPLE,4,True,True,PARALLEL,True,active,True,,,,,False,False,False,False,False,0,False,UNDECIDED,False,False
NCT03515434,2018,2016-2020,NA,proc_device,3,60.0,OTHER,COMPLETED,RANDOMIZED,True,DOUBLE,2,True,True,CROSSOVER,True,placebo/sham,True,,,,,False,True,True,False,False,0,False,NO,False,False
NCT07067281,2024,2021-2026,NA,proc_device,2,60.0,OTHER,ACTIVE_NOT_RECRUITING,RANDOMIZED,True,SINGLE,1,True,False,PARALLEL,True,active,True,,,,,False,True,False,False,False,0,False,YES,True,False
NCT04750512,2021,2021-2026,NA,proc_device,2,50.0,OTHER,COMPLETED,RANDOMIZED,True,QUADRUPLE,4,True,True,PARALLEL,True,active,True,,,,,False,True,False,False,False,1,True,UNDECIDED,False,False
NCT00323674,2006,<=2015,NA,proc_device,2,278.0,OTHER,COMPLETED,RANDOMIZED,True,NONE,0,False,False,SINGLE_GROUP,True,active,True,,,,,False,True,False,False,False,0,False,,False,False
NCT06240858,2022,2021-2026,NA,proc_device,2,130.0,OTHER,COMPLETED,RANDOMIZED,True,NONE,0,False,False,PARALLEL,True,none/single-group,False,,,,,False,True,False,False,False,0,False,NO,False,
NCT00820131,2008,<=2015,PHASE4,proc_device,2,250.0,OTHER,COMPLETED,RANDOMIZED,True,DOUBLE,2,True,True,PARALLEL,True,active,True,,,,,True,True,False,False,False,0,False,,False,
NCT06595628,2024,2021-2026,NA,proc_device,2,40.0,OTHER,RECRUITING,RANDOMIZED,True,NONE,0,False,False,PARALLEL,True,active,True,,,,,False,False,False,False,False,0,False,YES,True,False
NCT02030223,2014,<=2015,NA,proc_device,2,59.0,OTHER,COMPLETED,RANDOMIZED,True,QUADRUPLE,4,True,True,PARALLEL,True,placebo/sham,True,,,,,False,True,False,False,True,0,False,,False,True
NCT05565365,2022,2021-2026,NA,proc_device,2,43.0,OTHER,COMPLETED,RANDOMIZED,True,DOUBLE,2,True,True,PARALLEL,True,placebo/sham,True,,,,,False,False,False,False,False,0,False,,False,
NCT03041948,2015,<=2015,NA,both,2,88.0,OTHER,UNKNOWN,RANDOMIZED,True,SINGLE,1,True,False,PARALLEL,True,active,True,,,,,False,False,False,False,False,0,False,UNDECIDED,False,False
NCT02011698,2013,<=2015,NA,proc_device,3,900.0,OTHER,UNKNOWN,RANDOMIZED,True,SINGLE,1,True,False,PARALLEL,True,active,True,,,,,False,False,True,False,False,0,False,,False,False
NCT01070693,2001,<=2015,NA,proc_device,2,300.0,OTHER,COMPLETED,RANDOMIZED,True,QUADRUPLE,4,True,True,PARALLEL,True,none/single-group,False,299.0,232.0,0.2240802675585284,False,False,True,False,True,False,0,False,,False,False
NCT04532983,2018,2016-2020,NA,proc_device,2,46.0,OTHER_GOV,COMPLETED,RANDOMIZED,True,DOUBLE,2,True,True,PARALLEL,True,active,True,,,,,False,True,False,False,False,0,False,NO,False,
NCT04960267,2021,2021-2026,NA,proc_device,1,50.0,OTHER,UNKNOWN,NA,False,NONE,0,False,False,SINGLE_GROUP,True,none/single-group,False,,,,,False,True,False,False,True,0,False,NO,False,True
NCT04266132,2020,2016-2020,NA,both,2,60.0,OTHER,UNKNOWN,RANDOMIZED,True,DOUBLE,2,True,True,PARALLEL,True,active,True,,,,,False,True,False,False,False,0,False,NO,False,
NCT02291705,2012,<=2015,PHASE4,both,2,40.0,OTHER,COMPLETED,RANDOMIZED,True,SINGLE,1,True,False,PARALLEL,False,active,True,,,,,True,True,False,False,False,0,False,,False,False
NCT02788812,2016,2016-2020,NA,proc_device,2,100.0,OTHER,UNKNOWN,RANDOMIZED,True,NONE,0,False,False,PARALLEL,True,active,True,,,,,False,True,False,False,False,0,False,NO,False,False
NCT00968773,2009,<=2015,PHASE4,proc_device,2,70.0,INDUSTRY,UNKNOWN,RANDOMIZED,True,SINGLE,1,True,False,PARALLEL,False,active,True,,,,,True,True,False,False,False,0,False,,False,True
NCT00761475,2009,<=2015,PHASE3,proc_device,3,480.0,OTHER,COMPLETED,RANDOMIZED,True,TRIPLE,3,True,True,PARALLEL,True,placebo/sham,True,,,,,True,False,True,False,False,4,True,,False,True
NCT00423241,2007,<=2015,NA,proc_device,2,7.0,INDUSTRY,TERMINATED,RANDOMIZED,True,NONE,0,False,False,PARALLEL,False,active,True,,,,,False,True,False,False,False,0,False,,False,False
NCT04683367,2003,<=2015,NA,proc_device,1,201.0,OTHER,COMPLETED,NA,False,NONE,0,False,False,SINGLE_GROUP,True,none/single-group,False,,,,,False,False,False,False,False,0,False,,False,False
NCT01237470,2005,<=2015,NA,proc_device,2,2009.0,OTHER,TERMINATED,RANDOMIZED,True,DOUBLE,2,True,True,PARALLEL,True,none/single-group,False,,,,,False,True,False,False,False,0,False,,False,True
NCT02920307,2010,<=2015,NA,proc_device,4,400.0,OTHER,COMPLETED,RANDOMIZED,True,QUADRUPLE,4,True,True,PARALLEL,True,active,True,,,,,False,True,True,False,False,0,False,YES,True,True
NCT06849804,2025,2021-2026,NA,proc_device,3,75.0,OTHER,COMPLETED,RANDOMIZED,True,DOUBLE,2,True,True,PARALLEL,True,active,True,,,,,False,False,True,False,False,0,False,UNDECIDED,False,True
NCT02239185,2012,<=2015,NA,proc_device,2,90.0,OTHER,COMPLETED,RANDOMIZED,True,NONE,0,False,False,PARALLEL,True,none/single-group,False,,,,,False,True,False,False,False,0,False,,False,False
NCT01753219,2013,<=2015,NA,proc_device,2,290.0,OTHER,COMPLETED,RANDOMIZED,True,DOUBLE,2,True,True,PARALLEL,True,active,True,,,,,False,True,False,False,False,3,True,,False,False
NCT03623893,2019,2016-2020,NA,proc_device,2,416.0,OTHER,COMPLETED,RANDOMIZED,True,DOUBLE,2,True,True,PARALLEL,True,no-intervention,True,,,,,False,True,False,False,False,1,True,YES,True,True
NCT06650878,2025,2021-2026,NA,proc_device,2,478.0,OTHER,RECRUITING,RANDOMIZED,True,TRIPLE,3,True,True,PARALLEL,True,active,True,,,,,False,True,False,False,False,0,False,YES,True,False
NCT01830452,2010,<=2015,PHASE4,proc_device,2,400.0,OTHER,UNKNOWN,RANDOMIZED,True,TRIPLE,3,True,True,FACTORIAL,True,active,True,,,,,True,True,False,False,False,1,True,,False,False
NCT01295437,2003,<=2015,NA,proc_device,3,300.0,OTHER,COMPLETED,RANDOMIZED,True,DOUBLE,2,True,True,PARALLEL,True,placebo/sham,True,,,,,False,True,True,False,False,1,True,,False,True
NCT03355950,2017,2016-2020,NA,proc_device,2,160.0,OTHER,UNKNOWN,RANDOMIZED,True,NONE,0,False,False,PARALLEL,True,active,True,,,,,False,True,False,False,False,0,False,NO,False,False
NCT03765268,2017,2016-2020,NA,proc_device,2,100.0,OTHER_GOV,COMPLETED,RANDOMIZED,True,NONE,0,False,False,PARALLEL,True,active,True,,,,,False,True,False,False,False,0,False,UNDECIDED,False,
NCT07319754,2026,2021-2026,NA,proc_device,2,80.0,OTHER,NOT_YET_RECRUITING,RANDOMIZED,True,NONE,0,False,False,PARALLEL,True,active,True,,,,,False,True,False,False,False,0,False,NO,False,False
NCT02396940,2015,<=2015,NA,proc_device,2,30.0,OTHER,UNKNOWN,RANDOMIZED,True,DOUBLE,2,True,True,CROSSOVER,True,placebo/sham,True,,,,,False,True,False,False,False,0,False,NO,False,False
