topic,n,industry_k,industry_prev,industry_ci_low,industry_ci_high,residual_other,residual_pct
acute_pain,1254,382,0.3046,0.2798,0.3307,28,2.2
atopic_dermatitis,982,765,0.779,0.752,0.8039,9,0.9
atrial_fibrillation,1556,462,0.2969,0.2747,0.3201,53,3.4
head_and_neck_cancer,4217,1099,0.2606,0.2476,0.2741,106,2.5
hearing_loss,553,282,0.5099,0.4684,0.5514,6,1.1
hip_fracture,493,60,0.1217,0.0957,0.1535,24,4.9
inguinal_hernia,360,28,0.0778,0.0544,0.1101,10,2.8
low_back_pain,696,7,0.0101,0.0049,0.0206,17,2.4
major_depressive_disorder,1679,730,0.4348,0.4112,0.4586,29,1.7
postoperative_pain,3575,434,0.1214,0.1111,0.1325,99,2.8
psoriasis,1460,1091,0.7473,0.7243,0.7689,9,0.6
rheumatoid_arthritis,1616,1085,0.6714,0.6481,0.6939,24,1.5
spinal_anesthesia,691,14,0.0203,0.0121,0.0337,22,3.2
total_knee_arthroplasty,1413,224,0.1585,0.1404,0.1785,62,4.4
ulcerative_colitis,768,469,0.6107,0.5757,0.6445,18,2.3
