nct,year,epoch,phase,int_class,n_arms,n_enroll,sponsor_class,overall_status,allocation,randomized,masking,masking_ord,blinded_any,blinded_double_plus,model,power_ok,pivotal,treatment,multiarm,has_results,has_result_ref,n_derived,dmc
NCT04677517,2022.0,2021-2026,NA,proc_device,1,0.0,OTHER,WITHDRAWN,NA,False,NONE,0.0,False,False,SINGLE_GROUP,False,False,False,False,False,False,0,False
NCT07683689,2026.0,2021-2026,NA,proc_device,1,45.0,OTHER,NOT_YET_RECRUITING,NA,False,NONE,0.0,False,False,SINGLE_GROUP,True,False,False,False,False,False,0,False
NCT03053531,2017.0,2016-2020,NA,proc_device,1,0.0,OTHER,WITHDRAWN,NA,False,NONE,0.0,False,False,SINGLE_GROUP,False,False,True,False,False,False,0,False
NCT06805175,2025.0,2021-2026,NA,proc_device,1,18.0,INDUSTRY,RECRUITING,NA,False,NONE,0.0,False,False,SINGLE_GROUP,False,False,True,False,False,False,0,True
NCT06710236,2024.0,2021-2026,NA,proc_device,1,20.0,INDUSTRY,NOT_YET_RECRUITING,NA,False,NONE,0.0,False,False,SINGLE_GROUP,False,False,True,False,False,False,0,False
NCT06543953,2024.0,2021-2026,NA,proc_device,1,120.0,INDUSTRY,COMPLETED,NA,False,NONE,0.0,False,False,SINGLE_GROUP,True,False,False,False,False,False,0,False
NCT06641999,2025.0,2021-2026,NA,proc_device,1,16.0,INDUSTRY,RECRUITING,NA,False,NONE,0.0,False,False,SINGLE_GROUP,False,False,True,False,False,False,0,False
NCT02092610,2014.0,<=2015,NA,proc_device,2,77.0,INDUSTRY,COMPLETED,NON_RANDOMIZED,False,NONE,0.0,False,False,PARALLEL,True,False,True,False,True,False,0,False
NCT04571333,2020.0,2016-2020,NA,proc_device,1,6.0,INDUSTRY,COMPLETED,NA,False,NONE,0.0,False,False,SINGLE_GROUP,False,False,False,False,False,False,0,
NCT02638883,2016.0,2016-2020,,proc_device,1,6.0,INDUSTRY,COMPLETED,NA,False,NONE,0.0,False,False,SINGLE_GROUP,False,False,True,False,True,False,0,False
NCT02725463,2016.0,2016-2020,NA,proc_device,1,30.0,OTHER,ACTIVE_NOT_RECRUITING,NA,False,NONE,0.0,False,False,SINGLE_GROUP,True,False,False,False,False,True,1,True
NCT02470494,2015.0,<=2015,NA,proc_device,1,46.0,INDUSTRY,COMPLETED,NA,False,NONE,0.0,False,False,SINGLE_GROUP,True,False,True,False,True,False,1,False
NCT03379766,2018.0,2016-2020,NA,proc_device,2,20.0,INDUSTRY,COMPLETED,RANDOMIZED,True,SINGLE,1.0,True,False,CROSSOVER,False,False,True,False,False,False,0,False
NCT05782153,2023.0,2021-2026,NA,proc_device,2,40.0,INDUSTRY,COMPLETED,RANDOMIZED,True,DOUBLE,2.0,True,True,CROSSOVER,True,False,True,False,False,False,1,False
NCT02574299,2014.0,<=2015,NA,proc_device,6,25.0,OTHER,COMPLETED,NON_RANDOMIZED,False,NONE,0.0,False,False,PARALLEL,False,False,False,True,False,True,0,False
NCT03429777,2021.0,2021-2026,NA,proc_device,2,0.0,OTHER,WITHDRAWN,NON_RANDOMIZED,False,SINGLE,1.0,True,False,PARALLEL,False,False,False,False,False,False,0,False
NCT05954520,2023.0,2021-2026,NA,proc_device,1,0.0,OTHER,WITHDRAWN,NA,False,NONE,0.0,False,False,SINGLE_GROUP,False,False,False,False,False,False,0,False
NCT04539847,2016.0,2016-2020,NA,proc_device,2,208.0,OTHER,COMPLETED,RANDOMIZED,True,SINGLE,1.0,True,False,PARALLEL,True,False,True,False,False,False,1,False
NCT05763342,2024.0,2021-2026,NA,proc_device,1,15.0,INDUSTRY,COMPLETED,NA,False,NONE,0.0,False,False,SINGLE_GROUP,False,False,False,False,False,False,0,
NCT06930560,2025.0,2021-2026,NA,proc_device,2,300.0,OTHER,RECRUITING,RANDOMIZED,True,NONE,0.0,False,False,CROSSOVER,True,False,False,False,False,False,0,False
NCT01337076,2012.0,<=2015,NA,proc_device,1,21.0,INDUSTRY,COMPLETED,NA,False,NONE,0.0,False,False,SINGLE_GROUP,False,False,True,False,True,False,0,False
NCT00004437,1999.0,<=2015,PHASE2,proc_device,0,,FED,COMPLETED,,False,,,False,False,,,False,True,False,False,False,0,
NCT04843124,2021.0,2021-2026,NA,proc_device,2,69.0,OTHER,COMPLETED,RANDOMIZED,True,NONE,0.0,False,False,PARALLEL,True,False,True,False,False,False,0,
NCT06309264,2024.0,2021-2026,NA,proc_device,2,80.0,FED,RECRUITING,RANDOMIZED,True,SINGLE,1.0,True,False,FACTORIAL,True,False,True,False,False,False,0,False
NCT06673836,2024.0,2021-2026,NA,proc_device,2,36.0,OTHER,RECRUITING,RANDOMIZED,True,SINGLE,1.0,True,False,PARALLEL,True,False,True,False,False,False,0,True
NCT05693610,2023.0,2021-2026,NA,proc_device,2,11.0,OTHER,TERMINATED,RANDOMIZED,True,NONE,0.0,False,False,FACTORIAL,False,False,True,False,True,False,0,False
NCT04168229,2018.0,2016-2020,NA,proc_device,2,17.0,INDUSTRY,COMPLETED,NON_RANDOMIZED,False,SINGLE,1.0,True,False,CROSSOVER,False,False,True,False,False,False,0,False
NCT03379870,2018.0,2016-2020,NA,proc_device,2,28.0,OTHER,COMPLETED,NON_RANDOMIZED,False,NONE,0.0,False,False,PARALLEL,False,False,True,False,True,False,0,False
NCT03966144,2020.0,2016-2020,NA,proc_device,1,0.0,OTHER,WITHDRAWN,NA,False,NONE,0.0,False,False,SINGLE_GROUP,False,False,False,False,False,False,0,
NCT05494632,2022.0,2021-2026,NA,proc_device,3,45.0,OTHER,COMPLETED,NON_RANDOMIZED,False,NONE,0.0,False,False,SINGLE_GROUP,True,False,True,True,True,False,0,False
NCT03726684,2018.0,2016-2020,NA,proc_device,1,10.0,OTHER,COMPLETED,NA,False,NONE,0.0,False,False,SINGLE_GROUP,False,False,False,False,False,False,0,True
NCT06882889,2024.0,2021-2026,NA,proc_device,2,80.0,OTHER,RECRUITING,RANDOMIZED,True,SINGLE,1.0,True,False,PARALLEL,True,False,True,False,False,False,0,False
NCT07389213,2025.0,2021-2026,NA,proc_device,3,189.0,OTHER,RECRUITING,NON_RANDOMIZED,False,NONE,0.0,False,False,PARALLEL,True,False,True,True,False,False,0,False
NCT04145661,2019.0,2016-2020,NA,proc_device,2,11.0,OTHER_GOV,COMPLETED,NON_RANDOMIZED,False,SINGLE,1.0,True,False,CROSSOVER,False,False,True,False,False,False,0,False
NCT03005912,2017.0,2016-2020,NA,proc_device,4,10.0,OTHER,TERMINATED,RANDOMIZED,True,NONE,0.0,False,False,CROSSOVER,False,False,False,True,False,True,0,False
NCT06976086,2025.0,2021-2026,NA,proc_device,1,50.0,INDUSTRY,RECRUITING,NA,False,NONE,0.0,False,False,SINGLE_GROUP,True,False,True,False,False,False,0,False
NCT02546518,2015.0,<=2015,NA,proc_device,2,80.0,OTHER_GOV,UNKNOWN,RANDOMIZED,True,NONE,0.0,False,False,PARALLEL,True,False,True,False,False,False,0,False
NCT00438334,2001.0,<=2015,NA,proc_device,0,105.0,OTHER,COMPLETED,RANDOMIZED,True,DOUBLE,2.0,True,True,CROSSOVER,True,False,True,False,False,False,1,
NCT07091071,2025.0,2021-2026,NA,proc_device,3,65.0,OTHER,COMPLETED,NON_RANDOMIZED,False,NONE,0.0,False,False,PARALLEL,True,False,False,True,False,False,0,False
NCT05513352,2023.0,2021-2026,NA,proc_device,19,275.0,OTHER,UNKNOWN,RANDOMIZED,True,TRIPLE,3.0,True,True,PARALLEL,True,False,False,True,False,False,0,
NCT02746172,2015.0,<=2015,NA,proc_device,2,35.0,OTHER,COMPLETED,NON_RANDOMIZED,False,NONE,0.0,False,False,PARALLEL,True,False,True,False,False,False,0,False
NCT02122458,2015.0,<=2015,NA,proc_device,7,363.0,FED,COMPLETED,RANDOMIZED,True,NONE,0.0,False,False,PARALLEL,True,False,True,True,True,False,0,False
NCT05270876,2020.0,2016-2020,NA,proc_device,1,20.0,INDUSTRY,COMPLETED,NA,False,NONE,0.0,False,False,SINGLE_GROUP,False,False,False,False,True,False,0,False
NCT02525640,2015.0,<=2015,NA,proc_device,1,0.0,OTHER,WITHDRAWN,RANDOMIZED,True,NONE,0.0,False,False,CROSSOVER,False,False,True,False,False,False,0,False
NCT03773926,2018.0,2016-2020,NA,proc_device,1,30.0,INDUSTRY,UNKNOWN,NA,False,NONE,0.0,False,False,SINGLE_GROUP,True,False,True,False,False,False,1,
NCT04707885,2021.0,2021-2026,NA,proc_device,2,40.0,OTHER,RECRUITING,RANDOMIZED,True,NONE,0.0,False,False,PARALLEL,True,False,True,False,False,False,0,True
NCT06700512,2024.0,2021-2026,NA,proc_device,1,20.0,INDUSTRY,COMPLETED,NA,False,NONE,0.0,False,False,SINGLE_GROUP,False,False,False,False,True,False,0,False
NCT07100522,2025.0,2021-2026,NA,proc_device,1,21.0,INDUSTRY,COMPLETED,NA,False,NONE,0.0,False,False,SINGLE_GROUP,False,False,True,False,False,False,0,False
NCT02448706,2015.0,<=2015,NA,proc_device,2,49.0,OTHER,COMPLETED,RANDOMIZED,True,DOUBLE,2.0,True,True,CROSSOVER,True,False,False,False,True,False,1,False
NCT05870527,2023.0,2021-2026,NA,proc_device,2,30.0,OTHER,ENROLLING_BY_INVITATION,NON_RANDOMIZED,False,NONE,0.0,False,False,PARALLEL,True,False,False,False,False,False,0,False
NCT07216937,2025.0,2021-2026,NA,proc_device,3,30.0,OTHER,RECRUITING,RANDOMIZED,True,NONE,0.0,False,False,CROSSOVER,True,False,True,True,False,False,0,False
NCT07526428,2026.0,2021-2026,NA,proc_device,2,21.0,INDUSTRY,TERMINATED,RANDOMIZED,True,SINGLE,1.0,True,False,CROSSOVER,False,False,True,False,False,False,0,False
NCT06114680,2023.0,2021-2026,NA,proc_device,3,179.0,OTHER,TERMINATED,NON_RANDOMIZED,False,NONE,0.0,False,False,PARALLEL,True,False,False,True,False,False,0,False
NCT04559282,2020.0,2016-2020,NA,proc_device,2,16.0,INDUSTRY,COMPLETED,RANDOMIZED,True,SINGLE,1.0,True,False,CROSSOVER,False,False,True,False,True,False,0,False
NCT07287124,2026.0,2021-2026,NA,proc_device,1,56.0,INDUSTRY,RECRUITING,NA,False,NONE,0.0,False,False,SINGLE_GROUP,True,False,True,False,False,False,0,True
NCT03897634,2019.0,2016-2020,NA,proc_device,1,22.0,OTHER,COMPLETED,NA,False,NONE,0.0,False,False,SINGLE_GROUP,False,False,True,False,True,False,0,
NCT03112850,2016.0,2016-2020,NA,proc_device,2,40.0,OTHER,COMPLETED,RANDOMIZED,True,NONE,0.0,False,False,CROSSOVER,True,False,True,False,False,False,1,False
NCT07224919,2025.0,2021-2026,NA,proc_device,1,30.0,INDUSTRY,COMPLETED,NA,False,NONE,0.0,False,False,SINGLE_GROUP,True,False,True,False,False,False,0,True
NCT02156167,2014.0,<=2015,NA,proc_device,1,15.0,INDUSTRY,COMPLETED,NA,False,NONE,0.0,False,False,SINGLE_GROUP,False,False,True,False,True,False,0,False
NCT05582148,2022.0,2021-2026,NA,proc_device,0,10.0,OTHER,UNKNOWN,NA,False,NONE,0.0,False,False,SINGLE_GROUP,False,False,True,False,False,True,0,False
NCT05709223,2023.0,2021-2026,NA,proc_device,1,17.0,INDUSTRY,COMPLETED,NA,False,NONE,0.0,False,False,SINGLE_GROUP,False,False,False,False,True,False,0,False
NCT04823494,2021.0,2021-2026,NA,proc_device,2,40.0,INDUSTRY,COMPLETED,NON_RANDOMIZED,False,DOUBLE,2.0,True,True,CROSSOVER,True,False,True,False,True,False,0,False
NCT04006132,2019.0,2016-2020,NA,proc_device,1,26.0,INDUSTRY,COMPLETED,NA,False,NONE,0.0,False,False,SINGLE_GROUP,False,False,False,False,False,False,0,
NCT04431622,2022.0,2021-2026,NA,proc_device,1,0.0,OTHER,WITHDRAWN,NA,False,NONE,0.0,False,False,SINGLE_GROUP,False,False,True,False,False,False,0,True
NCT03236909,2018.0,2016-2020,NA,proc_device,1,44.0,INDUSTRY,COMPLETED,NA,False,NONE,0.0,False,False,SINGLE_GROUP,True,False,True,False,True,False,0,False
NCT01092910,2008.0,<=2015,NA,proc_device,1,57.0,INDUSTRY,COMPLETED,NA,False,NONE,0.0,False,False,SINGLE_GROUP,True,False,True,False,True,False,0,True
NCT06406088,2024.0,2021-2026,NA,proc_device,1,10.0,OTHER,TERMINATED,NA,False,NONE,0.0,False,False,SINGLE_GROUP,False,False,False,False,False,False,0,False
NCT07557771,2025.0,2021-2026,NA,proc_device,3,45.0,OTHER,RECRUITING,NON_RANDOMIZED,False,NONE,0.0,False,False,SINGLE_GROUP,True,False,False,True,False,False,0,
NCT07298499,2025.0,2021-2026,NA,proc_device,1,100.0,INDUSTRY,ENROLLING_BY_INVITATION,NA,False,NONE,0.0,False,False,SINGLE_GROUP,True,False,True,False,False,False,0,False
NCT02304692,2014.0,<=2015,NA,proc_device,2,14.0,INDUSTRY,COMPLETED,NON_RANDOMIZED,False,NONE,0.0,False,False,PARALLEL,False,False,True,False,False,False,0,False
NCT07392164,2026.0,2021-2026,NA,proc_device,1,20.0,OTHER,NOT_YET_RECRUITING,NA,False,NONE,0.0,False,False,SINGLE_GROUP,False,False,False,False,False,False,0,False
NCT00604474,2007.0,<=2015,NA,proc_device,1,0.0,OTHER,WITHDRAWN,NA,False,NONE,0.0,False,False,SINGLE_GROUP,False,False,True,False,False,False,0,False
NCT02189798,2014.0,<=2015,NA,proc_device,3,67.0,INDUSTRY,TERMINATED,NON_RANDOMIZED,False,NONE,0.0,False,False,PARALLEL,True,False,True,True,True,False,0,False
NCT05893992,2023.0,2021-2026,NA,proc_device,2,26.0,INDUSTRY,COMPLETED,RANDOMIZED,True,NONE,0.0,False,False,SINGLE_GROUP,False,False,False,False,True,False,0,False
NCT01861704,2011.0,<=2015,NA,proc_device,2,177.0,INDUSTRY,COMPLETED,RANDOMIZED,True,SINGLE,1.0,True,False,PARALLEL,True,False,False,False,True,False,0,False
NCT02947243,2018.0,2016-2020,NA,both,2,0.0,OTHER,WITHDRAWN,RANDOMIZED,True,NONE,0.0,False,False,CROSSOVER,False,False,True,False,False,False,0,False
NCT02963974,2017.0,2016-2020,NA,proc_device,1,20.0,OTHER,COMPLETED,NA,False,NONE,0.0,False,False,SINGLE_GROUP,False,False,True,False,True,False,1,False
NCT01714375,2007.0,<=2015,NA,proc_device,3,322.0,OTHER,COMPLETED,NON_RANDOMIZED,False,NONE,0.0,False,False,PARALLEL,True,False,False,True,False,False,1,False
NCT03382769,2019.0,2016-2020,NA,proc_device,2,1.0,INDUSTRY,TERMINATED,RANDOMIZED,True,NONE,0.0,False,False,PARALLEL,False,False,True,False,True,False,0,False
NCT03992963,2019.0,2016-2020,NA,proc_device,2,8.0,INDUSTRY,COMPLETED,RANDOMIZED,True,SINGLE,1.0,True,False,CROSSOVER,False,False,True,False,False,False,0,False
NCT01736267,2012.0,<=2015,NA,proc_device,1,3.0,OTHER,TERMINATED,NA,False,NONE,0.0,False,False,SINGLE_GROUP,False,False,True,False,True,False,0,False
NCT02407587,2013.0,<=2015,NA,proc_device,2,0.0,OTHER_GOV,WITHDRAWN,NON_RANDOMIZED,False,NONE,0.0,False,False,PARALLEL,False,False,False,False,False,False,0,False
NCT05369598,2022.0,2021-2026,NA,proc_device,2,30.0,OTHER,UNKNOWN,RANDOMIZED,True,SINGLE,1.0,True,False,CROSSOVER,True,False,True,False,False,False,0,False
NCT03771287,2018.0,2016-2020,NA,proc_device,2,40.0,OTHER,COMPLETED,RANDOMIZED,True,DOUBLE,2.0,True,True,PARALLEL,True,False,True,False,False,False,1,False
NCT05379231,2022.0,2021-2026,NA,proc_device,5,22.0,INDUSTRY,COMPLETED,RANDOMIZED,True,NONE,0.0,False,False,CROSSOVER,False,False,False,True,True,False,0,False
NCT04741048,2021.0,2021-2026,NA,proc_device,1,0.0,INDUSTRY,WITHDRAWN,NA,False,NONE,0.0,False,False,SINGLE_GROUP,False,False,False,False,False,False,0,False
NCT02693704,2016.0,2016-2020,PHASE2;PHASE3,proc_device,4,40.0,INDUSTRY,COMPLETED,NON_RANDOMIZED,False,NONE,0.0,False,False,PARALLEL,False,True,False,True,True,False,1,False
NCT03746613,2018.0,2016-2020,NA,proc_device,1,3.0,OTHER,COMPLETED,NA,False,NONE,0.0,False,False,SINGLE_GROUP,False,False,True,False,False,False,1,True
NCT04296097,2021.0,2021-2026,NA,proc_device,2,7.0,OTHER,RECRUITING,RANDOMIZED,True,DOUBLE,2.0,True,True,CROSSOVER,False,False,True,False,False,False,0,True
NCT02648542,2013.0,<=2015,NA,proc_device,2,17.0,INDUSTRY,COMPLETED,RANDOMIZED,True,SINGLE,1.0,True,False,CROSSOVER,False,False,True,False,False,False,0,True
NCT07414329,2026.0,2021-2026,NA,proc_device,1,20.0,INDUSTRY,RECRUITING,NA,False,NONE,0.0,False,False,SINGLE_GROUP,False,False,True,False,False,False,0,False
NCT02984202,2016.0,2016-2020,NA,proc_device,1,5.0,OTHER,COMPLETED,NA,False,NONE,0.0,False,False,SINGLE_GROUP,False,False,True,False,False,False,0,True
NCT03281967,2017.0,2016-2020,NA,proc_device,1,25.0,INDUSTRY,COMPLETED,NA,False,NONE,0.0,False,False,SINGLE_GROUP,False,False,True,False,False,False,0,False
NCT04721990,2021.0,2021-2026,NA,proc_device,1,0.0,OTHER,WITHDRAWN,NA,False,NONE,0.0,False,False,SINGLE_GROUP,False,False,True,False,False,False,0,False
NCT01975571,2011.0,<=2015,NA,proc_device,3,20.0,OTHER,COMPLETED,NON_RANDOMIZED,False,NONE,0.0,False,False,PARALLEL,False,False,True,True,True,False,0,False
NCT06249685,2020.0,2016-2020,NA,proc_device,3,35.0,OTHER,COMPLETED,NON_RANDOMIZED,False,NONE,0.0,False,False,CROSSOVER,True,False,True,True,False,False,0,False
NCT02545569,2020.0,2016-2020,NA,proc_device,2,25.0,INDUSTRY,UNKNOWN,RANDOMIZED,True,SINGLE,1.0,True,False,CROSSOVER,False,False,False,False,False,False,0,
NCT04741009,2021.0,2021-2026,NA,proc_device,1,10.0,INDUSTRY,COMPLETED,NA,False,NONE,0.0,False,False,SINGLE_GROUP,False,False,False,False,True,False,0,False
NCT01670006,2012.0,<=2015,NA,proc_device,1,10.0,INDUSTRY,COMPLETED,NA,False,NONE,0.0,False,False,SINGLE_GROUP,False,False,True,False,True,False,0,False
NCT02977923,2017.0,2016-2020,NA,proc_device,2,20.0,OTHER,COMPLETED,RANDOMIZED,True,NONE,0.0,False,False,CROSSOVER,False,False,True,False,False,False,0,False
NCT05451628,2022.0,2021-2026,NA,proc_device,2,40.0,OTHER,RECRUITING,RANDOMIZED,True,SINGLE,1.0,True,False,PARALLEL,True,False,True,False,False,False,0,False
NCT02727842,2016.0,2016-2020,NA,proc_device,1,30.0,INDUSTRY,COMPLETED,NA,False,NONE,0.0,False,False,SINGLE_GROUP,True,False,True,False,True,False,0,False
NCT06564701,2024.0,2021-2026,NA,proc_device,2,25.0,INDUSTRY,COMPLETED,NON_RANDOMIZED,False,NONE,0.0,False,False,CROSSOVER,False,False,True,False,False,False,0,False
NCT05772949,2023.0,2021-2026,NA,proc_device,2,33.0,OTHER,COMPLETED,RANDOMIZED,True,SINGLE,1.0,True,False,PARALLEL,True,False,False,False,False,False,0,False
NCT07578909,2026.0,2021-2026,NA,proc_device,2,24.0,OTHER,RECRUITING,RANDOMIZED,True,DOUBLE,2.0,True,True,PARALLEL,False,False,True,False,False,False,0,False
NCT05286385,2022.0,2021-2026,NA,proc_device,4,10.0,INDUSTRY,COMPLETED,NON_RANDOMIZED,False,NONE,0.0,False,False,CROSSOVER,False,False,False,True,True,False,0,False
NCT03467399,2016.0,2016-2020,NA,proc_device,1,46.0,INDUSTRY,COMPLETED,NA,False,NONE,0.0,False,False,SINGLE_GROUP,True,False,True,False,False,False,0,False
NCT06293482,2024.0,2021-2026,NA,proc_device,1,50.0,INDUSTRY,ACTIVE_NOT_RECRUITING,NA,False,NONE,0.0,False,False,SINGLE_GROUP,True,False,True,False,False,False,0,False
NCT01897181,2013.0,<=2015,NA,proc_device,2,27.0,OTHER,COMPLETED,NON_RANDOMIZED,False,NONE,0.0,False,False,PARALLEL,False,False,False,False,False,False,0,False
NCT05527730,2022.0,2021-2026,NA,proc_device,2,80.0,INDUSTRY,UNKNOWN,RANDOMIZED,True,SINGLE,1.0,True,False,CROSSOVER,True,False,False,False,False,False,0,True
NCT05855005,2022.0,2021-2026,NA,proc_device,1,30.0,OTHER,COMPLETED,NA,False,NONE,0.0,False,False,SINGLE_GROUP,True,False,True,False,True,False,0,
NCT06591546,2022.0,2021-2026,NA,proc_device,1,20.0,OTHER,ACTIVE_NOT_RECRUITING,NA,False,NONE,0.0,False,False,SINGLE_GROUP,False,False,True,False,False,False,0,True
NCT04374851,2020.0,2016-2020,NA,proc_device,2,19.0,INDUSTRY,COMPLETED,RANDOMIZED,True,DOUBLE,2.0,True,True,CROSSOVER,False,False,True,False,False,False,0,False
NCT02532972,2015.0,<=2015,NA,proc_device,1,11.0,OTHER,TERMINATED,NA,False,NONE,0.0,False,False,SINGLE_GROUP,False,False,True,False,True,False,1,False
NCT06792110,2025.0,2021-2026,NA,proc_device,2,100.0,OTHER,NOT_YET_RECRUITING,RANDOMIZED,True,NONE,0.0,False,False,PARALLEL,True,False,True,False,False,False,0,False
NCT06930170,2026.0,2021-2026,NA,proc_device,2,36.0,OTHER,RECRUITING,RANDOMIZED,True,NONE,0.0,False,False,PARALLEL,True,False,True,False,False,False,0,False
NCT02934373,,,NA,proc_device,2,0.0,INDUSTRY,WITHDRAWN,NON_RANDOMIZED,False,NONE,0.0,False,False,SINGLE_GROUP,False,False,True,False,False,False,0,False
NCT07116135,2025.0,2021-2026,NA,proc_device,1,30.0,INDUSTRY,RECRUITING,NA,False,NONE,0.0,False,False,SINGLE_GROUP,True,False,True,False,False,False,0,False
NCT04041700,2019.0,2016-2020,NA,proc_device,1,29.0,INDUSTRY,COMPLETED,NA,False,NONE,0.0,False,False,SINGLE_GROUP,False,False,True,False,True,False,2,False
NCT05330585,2022.0,2021-2026,NA,proc_device,1,30.0,INDUSTRY,UNKNOWN,NA,False,NONE,0.0,False,False,SINGLE_GROUP,True,False,False,False,False,False,0,
NCT04147442,2019.0,2016-2020,NA,proc_device,1,20.0,INDUSTRY,COMPLETED,NA,False,NONE,0.0,False,False,SINGLE_GROUP,False,False,True,False,True,False,0,False
NCT04723173,2020.0,2016-2020,NA,proc_device,2,10.0,INDUSTRY,COMPLETED,RANDOMIZED,True,SINGLE,1.0,True,False,CROSSOVER,False,False,False,False,True,False,0,
NCT06951815,2025.0,2021-2026,NA,proc_device,2,60.0,OTHER,COMPLETED,RANDOMIZED,True,NONE,0.0,False,False,PARALLEL,True,False,False,False,False,False,0,False
NCT01858246,2014.0,<=2015,NA,proc_device,2,3.0,OTHER,COMPLETED,RANDOMIZED,True,NONE,0.0,False,False,PARALLEL,False,False,True,False,False,False,0,False
NCT04738968,2015.0,<=2015,NA,proc_device,3,70.0,OTHER,ACTIVE_NOT_RECRUITING,NON_RANDOMIZED,False,NONE,0.0,False,False,PARALLEL,True,False,True,True,False,False,0,True
NCT06499805,2025.0,2021-2026,NA,proc_device,2,360.0,OTHER,RECRUITING,NON_RANDOMIZED,False,NONE,0.0,False,False,PARALLEL,True,False,True,False,False,False,0,False
NCT01177137,2011.0,<=2015,PHASE3,proc_device,3,151.0,OTHER,COMPLETED,RANDOMIZED,True,DOUBLE,2.0,True,True,PARALLEL,True,True,True,True,True,False,4,True
NCT04905472,2019.0,2016-2020,NA,proc_device,1,0.0,OTHER,WITHDRAWN,NA,False,NONE,0.0,False,False,SINGLE_GROUP,False,False,False,False,False,False,0,False
NCT04591093,2021.0,2021-2026,NA,proc_device,2,32.0,INDUSTRY,RECRUITING,RANDOMIZED,True,DOUBLE,2.0,True,True,CROSSOVER,True,False,False,False,False,False,0,False
NCT05970211,2023.0,2021-2026,NA,proc_device,1,40.0,OTHER,UNKNOWN,NA,False,NONE,0.0,False,False,SINGLE_GROUP,True,False,True,False,False,False,0,False
NCT06788184,2025.0,2021-2026,NA,proc_device,2,24.0,OTHER,COMPLETED,RANDOMIZED,True,NONE,0.0,False,False,PARALLEL,False,False,True,False,False,False,1,True
NCT06664710,2024.0,2021-2026,NA,proc_device,2,10.0,INDUSTRY,RECRUITING,NON_RANDOMIZED,False,NONE,0.0,False,False,PARALLEL,False,False,False,False,False,False,0,False
NCT03374787,2017.0,2016-2020,NA,proc_device,1,10.0,INDUSTRY,COMPLETED,NA,False,NONE,0.0,False,False,SINGLE_GROUP,False,False,False,False,True,False,0,False
NCT02274129,2014.0,<=2015,NA,proc_device,1,32.0,INDUSTRY,COMPLETED,NA,False,NONE,0.0,False,False,SINGLE_GROUP,True,False,False,False,False,False,0,False
NCT02298452,2013.0,<=2015,NA,proc_device,1,253.0,INDUSTRY,COMPLETED,NA,False,SINGLE,1.0,True,False,SINGLE_GROUP,True,False,False,False,False,False,0,False
NCT01749592,2012.0,<=2015,NA,proc_device,1,20.0,OTHER,COMPLETED,NA,False,NONE,0.0,False,False,SINGLE_GROUP,False,False,True,False,False,False,2,True
NCT02269124,2014.0,<=2015,NA,proc_device,2,37.0,OTHER,COMPLETED,RANDOMIZED,True,NONE,0.0,False,False,CROSSOVER,True,False,True,False,True,False,1,False
NCT03795675,2019.0,2016-2020,NA,proc_device,1,15.0,OTHER,ACTIVE_NOT_RECRUITING,NA,False,NONE,0.0,False,False,SINGLE_GROUP,False,False,True,False,False,False,0,False
NCT02740023,2015.0,<=2015,NA,proc_device,2,12.0,INDUSTRY,COMPLETED,RANDOMIZED,True,SINGLE,1.0,True,False,CROSSOVER,False,False,True,False,False,False,0,False
NCT03992989,2019.0,2016-2020,NA,proc_device,2,20.0,INDUSTRY,COMPLETED,RANDOMIZED,True,SINGLE,1.0,True,False,SINGLE_GROUP,False,False,True,False,False,False,0,False
NCT03509974,2018.0,2016-2020,NA,proc_device,1,14.0,INDUSTRY,COMPLETED,NA,False,NONE,0.0,False,False,SINGLE_GROUP,False,False,True,False,True,False,0,False
NCT03156465,2011.0,<=2015,NA,proc_device,1,11.0,OTHER,COMPLETED,NA,False,NONE,0.0,False,False,SINGLE_GROUP,False,False,True,False,True,False,0,False
NCT06992310,2025.0,2021-2026,NA,proc_device,3,15.0,INDUSTRY,NOT_YET_RECRUITING,RANDOMIZED,True,SINGLE,1.0,True,False,CROSSOVER,False,False,True,True,False,False,0,True
NCT03031678,2016.0,2016-2020,NA,proc_device,1,50.0,INDUSTRY,COMPLETED,NA,False,NONE,0.0,False,False,SINGLE_GROUP,True,False,False,False,True,False,0,False
NCT05274165,2022.0,2021-2026,NA,proc_device,2,25.0,INDUSTRY,COMPLETED,RANDOMIZED,True,SINGLE,1.0,True,False,PARALLEL,False,False,True,False,True,False,0,
NCT02765386,2015.0,<=2015,NA,proc_device,1,12.0,OTHER,TERMINATED,NA,False,NONE,0.0,False,False,SINGLE_GROUP,False,False,True,False,False,False,0,False
NCT06338670,2024.0,2021-2026,NA,proc_device,1,12.0,INDUSTRY,COMPLETED,NA,False,NONE,0.0,False,False,SINGLE_GROUP,False,False,True,False,False,False,0,False
NCT00678899,2008.0,<=2015,NA,proc_device,1,50.0,INDUSTRY,COMPLETED,NA,False,NONE,0.0,False,False,SINGLE_GROUP,True,False,True,False,True,False,2,False
NCT02948790,2017.0,2016-2020,NA,proc_device,2,17.0,INDUSTRY,COMPLETED,NON_RANDOMIZED,False,NONE,0.0,False,False,PARALLEL,False,False,False,False,False,False,0,False
NCT05318417,2022.0,2021-2026,NA,proc_device,1,60.0,INDUSTRY,RECRUITING,NA,False,NONE,0.0,False,False,SINGLE_GROUP,True,False,True,False,False,False,0,False
NCT05292534,2022.0,2021-2026,NA,proc_device,3,38.0,INDUSTRY,COMPLETED,RANDOMIZED,True,NONE,0.0,False,False,CROSSOVER,True,False,True,True,True,False,0,
NCT02941627,2017.0,2016-2020,NA,proc_device,1,53.0,INDUSTRY,COMPLETED,NA,False,NONE,0.0,False,False,SINGLE_GROUP,True,False,True,False,True,True,0,True
NCT05582408,2022.0,2021-2026,NA,proc_device,2,26.0,INDUSTRY,COMPLETED,NON_RANDOMIZED,False,DOUBLE,2.0,True,True,SINGLE_GROUP,False,False,True,False,False,False,0,False
NCT06169683,2023.0,2021-2026,NA,proc_device,1,28.0,INDUSTRY,UNKNOWN,NA,False,NONE,0.0,False,False,SINGLE_GROUP,False,False,True,False,False,False,0,False
NCT06098482,2024.0,2021-2026,NA,proc_device,2,46.0,INDUSTRY,RECRUITING,NON_RANDOMIZED,False,NONE,0.0,False,False,PARALLEL,True,False,False,False,False,False,0,False
NCT05165121,2020.0,2016-2020,NA,proc_device,2,91.0,INDUSTRY,COMPLETED,RANDOMIZED,True,NONE,0.0,False,False,PARALLEL,True,False,False,False,True,False,0,False
NCT06533774,2023.0,2021-2026,NA,proc_device,1,27.0,INDUSTRY,TERMINATED,NA,False,NONE,0.0,False,False,SINGLE_GROUP,False,False,True,False,False,False,0,False
NCT06106373,2022.0,2021-2026,NA,proc_device,1,20.0,INDUSTRY,COMPLETED,NA,False,NONE,0.0,False,False,SINGLE_GROUP,False,False,True,False,False,False,0,False
NCT05956808,2023.0,2021-2026,NA,proc_device,2,7.0,INDUSTRY,COMPLETED,RANDOMIZED,True,SINGLE,1.0,True,False,CROSSOVER,False,False,True,False,False,False,0,False
NCT00393159,2006.0,<=2015,PHASE4,proc_device,0,30.0,OTHER_GOV,UNKNOWN,RANDOMIZED,True,NONE,0.0,False,False,PARALLEL,False,True,True,False,False,False,0,
NCT07222202,2026.0,2021-2026,NA,proc_device,1,200.0,OTHER,RECRUITING,NA,False,NONE,0.0,False,False,SINGLE_GROUP,True,False,False,False,False,False,0,False
NCT05376215,2022.0,2021-2026,NA,proc_device,2,44.0,INDUSTRY,COMPLETED,RANDOMIZED,True,DOUBLE,2.0,True,True,CROSSOVER,True,False,True,False,True,False,0,False
NCT04093830,2020.0,2016-2020,NA,proc_device,1,25.0,OTHER,UNKNOWN,NA,False,NONE,0.0,False,False,SINGLE_GROUP,False,False,False,False,False,False,0,
NCT04496791,2020.0,2016-2020,NA,proc_device,2,24.0,INDUSTRY,COMPLETED,RANDOMIZED,True,SINGLE,1.0,True,False,CROSSOVER,False,False,False,False,False,False,0,False
NCT05072470,2021.0,2021-2026,NA,proc_device,1,10.0,INDUSTRY,COMPLETED,NA,False,NONE,0.0,False,False,SINGLE_GROUP,False,False,False,False,True,False,0,
NCT06734039,2025.0,2021-2026,NA,proc_device,4,50.0,INDUSTRY,ENROLLING_BY_INVITATION,RANDOMIZED,True,SINGLE,1.0,True,False,CROSSOVER,True,False,True,True,False,False,0,False
NCT02845115,2014.0,<=2015,NA,proc_device,2,2.0,OTHER,COMPLETED,RANDOMIZED,True,DOUBLE,2.0,True,True,PARALLEL,False,False,False,False,False,False,0,True
NCT03327194,2018.0,2016-2020,NA,proc_device,1,10.0,OTHER,UNKNOWN,NA,False,NONE,0.0,False,False,SINGLE_GROUP,False,False,True,False,False,False,1,False
NCT05248113,2022.0,2021-2026,NA,proc_device,1,8.0,OTHER,UNKNOWN,NA,False,NONE,0.0,False,False,SINGLE_GROUP,False,False,False,False,False,False,0,False
NCT05034731,2021.0,2021-2026,,proc_device,2,19.0,INDUSTRY,COMPLETED,NON_RANDOMIZED,False,NONE,0.0,False,False,PARALLEL,False,False,True,False,True,False,0,False
NCT04048460,2019.0,2016-2020,NA,proc_device,1,10.0,OTHER,COMPLETED,NA,False,NONE,0.0,False,False,SINGLE_GROUP,False,False,True,False,True,False,0,False
NCT04890145,2021.0,2021-2026,NA,proc_device,1,5.0,INDUSTRY,COMPLETED,NA,False,NONE,0.0,False,False,SINGLE_GROUP,False,False,True,False,False,False,0,True
NCT02908737,2016.0,2016-2020,NA,proc_device,1,34.0,INDUSTRY,COMPLETED,NA,False,NONE,0.0,False,False,SINGLE_GROUP,True,False,True,False,False,False,0,False
NCT00594061,2007.0,<=2015,NA,proc_device,1,9.0,OTHER,COMPLETED,NA,False,NONE,0.0,False,False,SINGLE_GROUP,False,False,True,False,True,False,0,True
NCT03850678,2019.0,2016-2020,NA,proc_device,2,209.0,OTHER,COMPLETED,NON_RANDOMIZED,False,SINGLE,1.0,True,False,FACTORIAL,True,False,True,False,True,False,0,False
NCT03442296,2018.0,2016-2020,NA,proc_device,2,151.0,OTHER,COMPLETED,RANDOMIZED,True,NONE,0.0,False,False,PARALLEL,True,False,False,False,True,False,2,True
NCT03613909,2015.0,<=2015,NA,proc_device,1,23.0,INDUSTRY,COMPLETED,NA,False,NONE,0.0,False,False,SINGLE_GROUP,False,False,False,False,True,False,0,False
NCT06218966,2024.0,2021-2026,NA,proc_device,1,24.0,OTHER,UNKNOWN,NA,False,NONE,0.0,False,False,SINGLE_GROUP,False,False,True,False,False,False,0,False
NCT01086930,2009.0,<=2015,PHASE3,proc_device,2,70.0,OTHER,COMPLETED,RANDOMIZED,True,SINGLE,1.0,True,False,PARALLEL,False,True,True,False,False,True,1,True
NCT03874533,2019.0,2016-2020,NA,proc_device,1,40.0,OTHER,UNKNOWN,NA,False,NONE,0.0,False,False,SINGLE_GROUP,True,False,False,False,False,False,0,False
NCT05349981,2022.0,2021-2026,NA,proc_device,1,57.0,INDUSTRY,COMPLETED,NA,False,NONE,0.0,False,False,SINGLE_GROUP,True,False,False,False,False,False,0,
NCT04240561,2021.0,2021-2026,NA,proc_device,2,20.0,OTHER,RECRUITING,RANDOMIZED,True,DOUBLE,2.0,True,True,CROSSOVER,False,False,True,False,False,False,0,
NCT02735096,2016.0,2016-2020,NA,proc_device,1,4.0,INDUSTRY,TERMINATED,NA,False,NONE,0.0,False,False,SINGLE_GROUP,False,False,False,False,True,False,0,False
NCT07297524,2025.0,2021-2026,NA,proc_device,1,25.0,OTHER,NOT_YET_RECRUITING,NA,False,NONE,0.0,False,False,SINGLE_GROUP,False,False,True,False,False,False,0,True
NCT04611698,2016.0,2016-2020,NA,proc_device,2,1.0,OTHER_GOV,COMPLETED,NON_RANDOMIZED,False,NONE,0.0,False,False,PARALLEL,False,False,False,False,False,False,0,
NCT01796236,2013.0,<=2015,NA,proc_device,2,106.0,INDUSTRY,COMPLETED,RANDOMIZED,True,NONE,0.0,False,False,PARALLEL,True,False,True,False,True,False,1,False
NCT07130136,2026.0,2021-2026,NA,proc_device,1,20.0,INDUSTRY,RECRUITING,NA,False,NONE,0.0,False,False,SINGLE_GROUP,False,False,True,False,False,False,0,False
NCT03036410,2017.0,2016-2020,NA,proc_device,4,25.0,INDUSTRY,COMPLETED,RANDOMIZED,True,NONE,0.0,False,False,PARALLEL,False,False,False,True,False,False,0,False
NCT04651660,2023.0,2021-2026,NA,proc_device,2,0.0,INDUSTRY,WITHDRAWN,RANDOMIZED,True,NONE,0.0,False,False,PARALLEL,False,False,True,False,False,False,0,False
NCT06117254,2025.0,2021-2026,NA,proc_device,3,142.0,FED,RECRUITING,RANDOMIZED,True,NONE,0.0,False,False,PARALLEL,True,False,True,True,False,False,0,False
NCT05073796,2020.0,2016-2020,NA,proc_device,1,10.0,OTHER,COMPLETED,NA,False,NONE,0.0,False,False,SEQUENTIAL,False,False,False,False,False,False,0,False
NCT06400992,2024.0,2021-2026,NA,proc_device,2,20.0,OTHER,RECRUITING,NON_RANDOMIZED,False,NONE,0.0,False,False,PARALLEL,False,False,False,False,False,False,0,False
NCT06729632,2024.0,2021-2026,NA,proc_device,4,116.0,INDUSTRY,RECRUITING,NON_RANDOMIZED,False,DOUBLE,2.0,True,True,PARALLEL,True,False,False,True,False,False,0,False
NCT06840015,2025.0,2021-2026,NA,proc_device,1,24.0,OTHER,RECRUITING,NA,False,NONE,0.0,False,False,SINGLE_GROUP,False,False,True,False,False,False,0,False
NCT06957730,2025.0,2021-2026,NA,proc_device,1,17.0,INDUSTRY,COMPLETED,NA,False,NONE,0.0,False,False,SINGLE_GROUP,False,False,True,False,False,False,0,False
NCT05468918,2022.0,2021-2026,NA,proc_device,2,14.0,INDUSTRY,COMPLETED,RANDOMIZED,True,SINGLE,1.0,True,False,CROSSOVER,False,False,True,False,True,False,0,
NCT00013455,2000.0,<=2015,PHASE2,proc_device,0,48.0,FED,COMPLETED,RANDOMIZED,True,NONE,0.0,False,False,SINGLE_GROUP,False,False,False,False,False,False,0,
NCT03279510,2018.0,2016-2020,NA,proc_device,1,20.0,FED,COMPLETED,NA,False,NONE,0.0,False,False,SINGLE_GROUP,False,False,True,False,False,False,0,False
NCT03086135,2017.0,2016-2020,NA,proc_device,1,51.0,INDUSTRY,COMPLETED,NA,False,NONE,0.0,False,False,SINGLE_GROUP,True,False,True,False,True,False,0,False
NCT02905305,2013.0,<=2015,NA,proc_device,2,48.0,OTHER,COMPLETED,NON_RANDOMIZED,False,NONE,0.0,False,False,PARALLEL,True,False,True,False,False,False,0,False
NCT05337748,2022.0,2021-2026,NA,proc_device,2,68.0,INDUSTRY,COMPLETED,RANDOMIZED,True,NONE,0.0,False,False,PARALLEL,True,False,True,False,True,False,1,False
NCT07226167,2026.0,2021-2026,NA,proc_device,1,45.0,OTHER,RECRUITING,NA,False,NONE,0.0,False,False,SINGLE_GROUP,True,False,False,False,False,False,0,True
NCT03554577,2018.0,2016-2020,NA,proc_device,4,15.0,INDUSTRY,COMPLETED,RANDOMIZED,True,SINGLE,1.0,True,False,CROSSOVER,False,False,True,True,False,False,0,False
NCT01857661,2012.0,<=2015,NA,proc_device,2,49.0,OTHER,COMPLETED,RANDOMIZED,True,SINGLE,1.0,True,False,PARALLEL,True,False,True,False,False,False,1,False
NCT04609982,2021.0,2021-2026,NA,proc_device,2,0.0,OTHER,WITHDRAWN,RANDOMIZED,True,DOUBLE,2.0,True,True,PARALLEL,False,False,False,False,False,False,0,True
NCT02022085,2014.0,<=2015,NA,proc_device,1,54.0,INDUSTRY,COMPLETED,NA,False,NONE,0.0,False,False,SINGLE_GROUP,True,False,True,False,True,False,0,False
NCT04618315,2020.0,2016-2020,NA,proc_device,3,584.0,OTHER,COMPLETED,RANDOMIZED,True,DOUBLE,2.0,True,True,PARALLEL,True,False,True,True,True,False,0,True
NCT06560918,2024.0,2021-2026,NA,proc_device,1,27.0,OTHER,RECRUITING,NA,False,NONE,0.0,False,False,SINGLE_GROUP,False,False,True,False,False,False,0,True
NCT01959152,2013.0,<=2015,NA,proc_device,1,1.0,INDUSTRY,TERMINATED,NA,False,NONE,0.0,False,False,SINGLE_GROUP,False,False,True,False,False,False,0,False
NCT02303210,2014.0,<=2015,NA,proc_device,2,30.0,INDUSTRY,COMPLETED,NON_RANDOMIZED,False,SINGLE,1.0,True,False,PARALLEL,True,False,False,False,False,False,0,False
NCT02722330,2016.0,2016-2020,NA,proc_device,1,23.0,INDUSTRY,COMPLETED,NA,False,NONE,0.0,False,False,SINGLE_GROUP,False,False,False,False,True,False,0,False
NCT02879539,2015.0,<=2015,NA,proc_device,1,32.0,OTHER,COMPLETED,RANDOMIZED,True,NONE,0.0,False,False,SINGLE_GROUP,True,False,True,False,False,False,0,False
NCT06885723,2020.0,2016-2020,NA,both,4,40.0,OTHER,COMPLETED,RANDOMIZED,True,SINGLE,1.0,True,False,CROSSOVER,True,False,False,True,False,False,0,False
NCT06642935,2024.0,2021-2026,NA,proc_device,1,18.0,INDUSTRY,ACTIVE_NOT_RECRUITING,NA,False,NONE,0.0,False,False,SINGLE_GROUP,False,False,True,False,False,False,0,True
NCT04623112,2015.0,<=2015,NA,proc_device,3,27.0,OTHER,COMPLETED,RANDOMIZED,True,SINGLE,1.0,True,False,PARALLEL,False,False,True,True,False,False,0,False
NCT03578471,2018.0,2016-2020,NA,proc_device,3,44.0,INDUSTRY,COMPLETED,RANDOMIZED,True,SINGLE,1.0,True,False,CROSSOVER,True,False,True,True,False,False,0,False
NCT04241679,2020.0,2016-2020,NA,proc_device,1,10.0,OTHER,COMPLETED,NA,False,NONE,0.0,False,False,SINGLE_GROUP,False,False,False,False,False,False,0,True
NCT06901674,2022.0,2021-2026,NA,proc_device,2,40.0,OTHER,ACTIVE_NOT_RECRUITING,NON_RANDOMIZED,False,NONE,0.0,False,False,PARALLEL,True,False,True,False,False,False,0,False
NCT02698787,2015.0,<=2015,,proc_device,2,11.0,INDUSTRY,COMPLETED,RANDOMIZED,True,DOUBLE,2.0,True,True,CROSSOVER,False,False,True,False,True,False,0,True
NCT05521308,2022.0,2021-2026,NA,proc_device,1,33.0,INDUSTRY,COMPLETED,NA,False,NONE,0.0,False,False,SINGLE_GROUP,True,False,True,False,True,False,0,False
NCT03052920,2017.0,2016-2020,NA,proc_device,1,40.0,OTHER,COMPLETED,NA,False,NONE,0.0,False,False,SINGLE_GROUP,True,False,True,False,True,False,1,True
NCT04761926,2021.0,2021-2026,NA,proc_device,1,20.0,INDUSTRY,COMPLETED,NA,False,NONE,0.0,False,False,SINGLE_GROUP,False,False,False,False,True,False,0,False
NCT03511417,2018.0,2016-2020,NA,proc_device,1,0.0,OTHER,WITHDRAWN,NA,False,NONE,0.0,False,False,SINGLE_GROUP,False,False,True,False,False,False,0,False
NCT03500718,2018.0,2016-2020,NA,proc_device,1,44.0,OTHER_GOV,COMPLETED,NA,False,NONE,0.0,False,False,SINGLE_GROUP,True,False,True,False,False,False,0,False
NCT01529333,2012.0,<=2015,NA,proc_device,0,130.0,INDUSTRY,UNKNOWN,NA,False,NONE,0.0,False,False,SINGLE_GROUP,True,False,True,False,False,False,0,False
NCT01715948,2013.0,<=2015,NA,proc_device,2,9.0,OTHER,COMPLETED,RANDOMIZED,True,NONE,0.0,False,False,SINGLE_GROUP,False,False,True,False,True,False,0,False
NCT04147611,2019.0,2016-2020,NA,proc_device,2,22.0,OTHER,COMPLETED,NON_RANDOMIZED,False,NONE,0.0,False,False,PARALLEL,False,False,False,False,True,False,0,False
NCT05612763,2022.0,2021-2026,NA,proc_device,1,40.0,INDUSTRY,COMPLETED,NA,False,NONE,0.0,False,False,SEQUENTIAL,True,False,True,False,False,False,0,False
NCT04902963,2011.0,<=2015,NA,proc_device,1,14.0,OTHER,COMPLETED,NA,False,NONE,0.0,False,False,SINGLE_GROUP,False,False,False,False,False,False,0,
NCT02755935,2016.0,2016-2020,NA,proc_device,1,24.0,INDUSTRY,COMPLETED,NA,False,NONE,0.0,False,False,SINGLE_GROUP,False,False,True,False,True,False,0,False
NCT05754918,2023.0,2021-2026,NA,proc_device,2,21.0,INDUSTRY,COMPLETED,RANDOMIZED,True,DOUBLE,2.0,True,True,CROSSOVER,False,False,False,False,False,False,0,False
NCT00323427,2007.0,<=2015,PHASE2,proc_device,2,135.0,FED,COMPLETED,RANDOMIZED,True,NONE,0.0,False,False,PARALLEL,True,False,True,False,True,False,0,False
NCT03848910,2019.0,2016-2020,NA,proc_device,1,11.0,INDUSTRY,COMPLETED,NA,False,NONE,0.0,False,False,SINGLE_GROUP,False,False,True,False,True,False,0,False
NCT04882800,2021.0,2021-2026,NA,proc_device,1,15.0,INDUSTRY,COMPLETED,NA,False,NONE,0.0,False,False,SINGLE_GROUP,False,False,False,False,True,False,0,
NCT05666505,2024.0,2021-2026,,proc_device,1,39.0,OTHER,COMPLETED,NA,False,NONE,0.0,False,False,SINGLE_GROUP,True,False,False,False,True,False,0,True
NCT02549612,2017.0,2016-2020,NA,proc_device,2,80.0,OTHER_GOV,UNKNOWN,RANDOMIZED,True,NONE,0.0,False,False,PARALLEL,True,False,True,False,False,False,0,False
NCT03579563,2019.0,2016-2020,NA,proc_device,6,290.0,OTHER,COMPLETED,RANDOMIZED,True,DOUBLE,2.0,True,True,PARALLEL,True,False,False,True,True,False,1,False
NCT04469946,2018.0,2016-2020,NA,proc_device,1,15.0,OTHER,COMPLETED,NON_RANDOMIZED,False,NONE,0.0,False,False,SINGLE_GROUP,False,False,True,False,False,False,0,False
NCT06341504,2024.0,2021-2026,NA,proc_device,2,80.0,OTHER,RECRUITING,RANDOMIZED,True,SINGLE,1.0,True,False,PARALLEL,True,False,False,False,False,False,0,False
NCT02228148,2014.0,<=2015,NA,proc_device,2,48.0,INDUSTRY,COMPLETED,RANDOMIZED,True,DOUBLE,2.0,True,True,CROSSOVER,True,False,False,False,False,False,0,False
NCT07235488,2024.0,2021-2026,NA,both,2,64.0,OTHER,RECRUITING,RANDOMIZED,True,SINGLE,1.0,True,False,PARALLEL,True,False,True,False,False,False,0,False
NCT04010721,2020.0,2016-2020,NA,proc_device,1,20.0,INDUSTRY,COMPLETED,NA,False,NONE,0.0,False,False,SINGLE_GROUP,False,False,False,False,False,False,0,False
NCT02310399,2014.0,<=2015,NA,proc_device,2,20.0,OTHER,RECRUITING,NON_RANDOMIZED,False,NONE,0.0,False,False,SINGLE_GROUP,False,False,True,False,False,False,0,True
NCT01108406,2010.0,<=2015,NA,proc_device,1,22.0,INDUSTRY,COMPLETED,NA,False,NONE,0.0,False,False,SINGLE_GROUP,False,False,True,False,True,True,0,True
NCT03129191,2017.0,2016-2020,NA,proc_device,2,15.0,OTHER,COMPLETED,NON_RANDOMIZED,False,NONE,0.0,False,False,CROSSOVER,False,False,True,False,False,False,0,False
NCT07652528,2026.0,2021-2026,NA,both,2,44.0,OTHER,NOT_YET_RECRUITING,RANDOMIZED,True,NONE,0.0,False,False,PARALLEL,True,False,True,False,False,True,0,
NCT05725824,2023.0,2021-2026,NA,proc_device,3,30.0,OTHER,COMPLETED,RANDOMIZED,True,NONE,0.0,False,False,CROSSOVER,True,False,True,True,True,False,0,True
NCT05112809,2023.0,2021-2026,NA,proc_device,3,68.0,OTHER,COMPLETED,NON_RANDOMIZED,False,NONE,0.0,False,False,PARALLEL,True,False,True,True,True,False,1,False
NCT02379819,2015.0,<=2015,NA,proc_device,1,52.0,INDUSTRY,COMPLETED,NA,False,NONE,0.0,False,False,SINGLE_GROUP,True,False,True,False,True,False,2,False
NCT05372094,2023.0,2021-2026,NA,proc_device,1,18.0,INDUSTRY,COMPLETED,NA,False,NONE,0.0,False,False,SINGLE_GROUP,False,False,True,False,True,False,0,False
NCT03746548,2018.0,2016-2020,NA,proc_device,2,13.0,OTHER,COMPLETED,RANDOMIZED,True,NONE,0.0,False,False,CROSSOVER,False,False,True,False,False,False,0,False
NCT06174038,2024.0,2021-2026,NA,proc_device,2,150.0,OTHER,RECRUITING,RANDOMIZED,True,DOUBLE,2.0,True,True,PARALLEL,True,False,True,False,False,False,1,False
NCT01072409,2010.0,<=2015,NA,proc_device,1,49.0,INDUSTRY,COMPLETED,NA,False,NONE,0.0,False,False,SINGLE_GROUP,True,False,True,False,True,False,0,False
NCT07388784,2026.0,2021-2026,NA,proc_device,3,16.0,INDUSTRY,RECRUITING,RANDOMIZED,True,SINGLE,1.0,True,False,CROSSOVER,False,False,True,True,False,False,0,True
NCT05101083,2021.0,2021-2026,NA,proc_device,2,34.0,INDUSTRY,COMPLETED,RANDOMIZED,True,SINGLE,1.0,True,False,CROSSOVER,True,False,True,False,False,False,0,False
NCT06167161,2023.0,2021-2026,NA,proc_device,2,21.0,INDUSTRY,COMPLETED,RANDOMIZED,True,SINGLE,1.0,True,False,CROSSOVER,False,False,False,False,False,False,0,False
NCT04987021,2021.0,2021-2026,NA,proc_device,1,15.0,INDUSTRY,COMPLETED,NA,False,NONE,0.0,False,False,SINGLE_GROUP,False,False,False,False,True,False,0,False
NCT00787189,2007.0,<=2015,NA,proc_device,2,80.0,INDUSTRY,COMPLETED,RANDOMIZED,True,TRIPLE,3.0,True,True,PARALLEL,True,False,True,False,True,False,0,True
NCT01822119,2013.0,<=2015,NA,proc_device,1,27.0,INDUSTRY,COMPLETED,NA,False,NONE,0.0,False,False,SINGLE_GROUP,False,False,True,False,True,True,0,False
NCT07500311,2026.0,2021-2026,NA,proc_device,1,20.0,INDUSTRY,ENROLLING_BY_INVITATION,NA,False,NONE,0.0,False,False,SINGLE_GROUP,False,False,True,False,False,False,0,False
NCT04048187,2019.0,2016-2020,NA,proc_device,1,0.0,INDUSTRY,WITHDRAWN,NA,False,NONE,0.0,False,False,SINGLE_GROUP,False,False,False,False,False,False,0,False
NCT06957132,2025.0,2021-2026,NA,proc_device,1,500.0,OTHER,NOT_YET_RECRUITING,NA,False,NONE,0.0,False,False,SINGLE_GROUP,True,False,False,False,False,False,0,False
NCT03807713,2018.0,2016-2020,NA,proc_device,1,25.0,INDUSTRY,COMPLETED,NA,False,NONE,0.0,False,False,SINGLE_GROUP,False,False,True,False,False,False,0,False
NCT07700043,2026.0,2021-2026,NA,proc_device,3,60.0,OTHER,NOT_YET_RECRUITING,NON_RANDOMIZED,False,SINGLE,1.0,True,False,PARALLEL,True,False,False,True,False,False,0,False
NCT01671176,2012.0,<=2015,NA,proc_device,1,30.0,INDUSTRY,COMPLETED,NA,False,NONE,0.0,False,False,SINGLE_GROUP,True,False,True,False,True,True,0,False
NCT03533686,2018.0,2016-2020,NA,proc_device,6,66.0,OTHER,TERMINATED,RANDOMIZED,True,NONE,0.0,False,False,PARALLEL,True,False,True,True,True,False,0,False
NCT03172663,2018.0,2016-2020,NA,proc_device,2,50.0,OTHER,UNKNOWN,NON_RANDOMIZED,False,SINGLE,1.0,True,False,PARALLEL,True,False,False,False,False,False,0,
NCT05641155,2023.0,2021-2026,NA,proc_device,1,19.0,INDUSTRY,COMPLETED,NA,False,NONE,0.0,False,False,SINGLE_GROUP,False,False,True,False,False,False,0,False
NCT00205881,2004.0,<=2015,PHASE4,proc_device,1,32.0,INDUSTRY,COMPLETED,RANDOMIZED,True,NONE,0.0,False,False,CROSSOVER,False,True,True,False,True,False,0,False
NCT00582946,2006.0,<=2015,PHASE1,proc_device,1,16.0,INDUSTRY,COMPLETED,NA,False,NONE,0.0,False,False,SINGLE_GROUP,False,False,False,False,True,True,0,True
NCT07582198,2026.0,2021-2026,NA,proc_device,2,26.0,INDUSTRY,NOT_YET_RECRUITING,RANDOMIZED,True,NONE,0.0,False,False,CROSSOVER,False,False,True,False,False,False,0,False
NCT04919928,2022.0,2021-2026,NA,proc_device,2,60.0,OTHER,UNKNOWN,RANDOMIZED,True,NONE,0.0,False,False,PARALLEL,True,False,True,False,False,False,1,True
NCT05955469,2024.0,2021-2026,NA,proc_device,2,20.0,INDUSTRY,RECRUITING,RANDOMIZED,True,DOUBLE,2.0,True,True,CROSSOVER,False,False,False,False,False,False,0,False
NCT06530979,2023.0,2021-2026,NA,proc_device,2,61.0,OTHER,RECRUITING,RANDOMIZED,True,SINGLE,1.0,True,False,PARALLEL,True,False,False,False,False,False,0,
NCT00424307,2007.0,<=2015,PHASE4,proc_device,0,60.0,INDUSTRY,UNKNOWN,NON_RANDOMIZED,False,NONE,0.0,False,False,SINGLE_GROUP,False,True,True,False,False,False,0,False
NCT04972162,2021.0,2021-2026,NA,proc_device,2,28.0,INDUSTRY,COMPLETED,RANDOMIZED,True,DOUBLE,2.0,True,True,CROSSOVER,False,False,True,False,True,False,0,False
NCT03892941,2019.0,2016-2020,NA,proc_device,2,30.0,OTHER,UNKNOWN,RANDOMIZED,True,SINGLE,1.0,True,False,CROSSOVER,True,False,True,False,False,False,1,False
NCT00030043,2001.0,<=2015,PHASE1,proc_device,0,10.0,FED,COMPLETED,NON_RANDOMIZED,False,NONE,0.0,False,False,,False,False,True,False,False,False,0,
NCT02716376,2016.0,2016-2020,NA,proc_device,2,30.0,OTHER,COMPLETED,RANDOMIZED,True,SINGLE,1.0,True,False,PARALLEL,True,False,False,False,False,False,0,False
NCT01616576,2012.0,<=2015,NA,proc_device,2,36.0,INDUSTRY,COMPLETED,RANDOMIZED,True,NONE,0.0,False,False,CROSSOVER,True,False,True,False,True,False,0,False
NCT01877317,2013.0,<=2015,NA,proc_device,1,20.0,INDUSTRY,COMPLETED,NA,False,NONE,0.0,False,False,SINGLE_GROUP,False,False,False,False,False,False,0,True
NCT05299892,2022.0,2021-2026,NA,proc_device,1,36.0,INDUSTRY,COMPLETED,NA,False,NONE,0.0,False,False,SINGLE_GROUP,True,False,True,False,True,False,0,False
NCT00037986,2001.0,<=2015,PHASE2,proc_device,1,330.0,FED,COMPLETED,RANDOMIZED,True,NONE,0.0,False,False,SINGLE_GROUP,True,False,True,False,False,True,0,
NCT04506853,2021.0,2021-2026,NA,proc_device,1,65.0,INDUSTRY,RECRUITING,NA,False,NONE,0.0,False,False,SINGLE_GROUP,True,False,True,False,False,False,0,False
NCT07156461,2025.0,2021-2026,NA,proc_device,2,29.0,INDUSTRY,COMPLETED,RANDOMIZED,True,NONE,0.0,False,False,CROSSOVER,False,False,True,False,False,False,0,False
NCT03904264,2020.0,2016-2020,NA,proc_device,2,65.0,FED,COMPLETED,NON_RANDOMIZED,False,NONE,0.0,False,False,SINGLE_GROUP,True,False,False,False,True,False,0,False
NCT01933386,2013.0,<=2015,PHASE4,proc_device,2,15.0,INDUSTRY,UNKNOWN,RANDOMIZED,True,NONE,0.0,False,False,CROSSOVER,False,True,True,False,False,False,0,False
NCT02204618,2014.0,<=2015,NA,proc_device,2,160.0,OTHER,COMPLETED,RANDOMIZED,True,NONE,0.0,False,False,PARALLEL,True,False,True,False,False,True,1,True
NCT04663828,2021.0,2021-2026,NA,proc_device,10,500.0,NETWORK,COMPLETED,RANDOMIZED,True,NONE,0.0,False,False,PARALLEL,True,False,True,True,False,False,1,True
NCT02986464,2018.0,2016-2020,NA,proc_device,2,38.0,OTHER,COMPLETED,RANDOMIZED,True,NONE,0.0,False,False,CROSSOVER,True,False,True,False,False,False,1,False
NCT03333577,2017.0,2016-2020,NA,proc_device,1,32.0,INDUSTRY,COMPLETED,NA,False,NONE,0.0,False,False,SINGLE_GROUP,True,False,True,False,True,False,1,False
NCT04908631,2023.0,2021-2026,NA,proc_device,1,8.0,OTHER,COMPLETED,NA,False,NONE,0.0,False,False,SINGLE_GROUP,False,False,False,False,True,False,0,False
NCT06942325,2025.0,2021-2026,NA,proc_device,2,0.0,INDUSTRY,WITHDRAWN,RANDOMIZED,True,NONE,0.0,False,False,CROSSOVER,False,False,False,False,False,False,0,True
NCT05568329,2022.0,2021-2026,NA,proc_device,1,60.0,OTHER,UNKNOWN,NA,False,NONE,0.0,False,False,SINGLE_GROUP,True,False,False,False,False,False,0,False
NCT03101917,2027.0,2021-2026,NA,proc_device,2,12.0,OTHER,NOT_YET_RECRUITING,NON_RANDOMIZED,False,NONE,0.0,False,False,SINGLE_GROUP,False,False,True,False,False,False,0,True
NCT07543770,2026.0,2021-2026,NA,proc_device,1,25.0,INDUSTRY,NOT_YET_RECRUITING,NA,False,NONE,0.0,False,False,SINGLE_GROUP,False,False,True,False,False,False,0,True
NCT06982716,2025.0,2021-2026,NA,proc_device,3,90.0,OTHER,RECRUITING,RANDOMIZED,True,DOUBLE,2.0,True,True,CROSSOVER,True,False,True,True,False,False,0,False
NCT07074769,2025.0,2021-2026,NA,proc_device,1,21.0,INDUSTRY,COMPLETED,NA,False,NONE,0.0,False,False,SINGLE_GROUP,False,False,True,False,False,False,0,False
NCT02966366,2013.0,<=2015,NA,proc_device,1,27.0,INDUSTRY,COMPLETED,NA,False,NONE,0.0,False,False,SINGLE_GROUP,False,False,True,False,False,False,0,False
NCT06500975,2024.0,2021-2026,NA,proc_device,1,32.0,OTHER,RECRUITING,NA,False,NONE,0.0,False,False,SINGLE_GROUP,True,False,True,False,False,False,0,True
NCT00331539,2006.0,<=2015,PHASE4,proc_device,0,20.0,OTHER_GOV,UNKNOWN,NON_RANDOMIZED,False,NONE,0.0,False,False,SINGLE_GROUP,False,True,True,False,False,False,0,
NCT01867008,2013.0,<=2015,NA,proc_device,1,55.0,INDUSTRY,COMPLETED,NA,False,NONE,0.0,False,False,SINGLE_GROUP,True,False,True,False,True,False,0,False
NCT04018911,2019.0,2016-2020,NA,both,4,22.0,INDUSTRY,COMPLETED,RANDOMIZED,True,SINGLE,1.0,True,False,CROSSOVER,False,False,True,True,False,False,0,False
NCT03541967,2018.0,2016-2020,NA,proc_device,2,0.0,INDUSTRY,WITHDRAWN,RANDOMIZED,True,NONE,0.0,False,False,CROSSOVER,False,False,False,False,False,False,0,False
NCT01256229,2009.0,<=2015,PHASE1,proc_device,3,303.0,OTHER,COMPLETED,RANDOMIZED,True,NONE,0.0,False,False,PARALLEL,True,False,True,True,False,False,1,
NCT07287774,2025.0,2021-2026,NA,proc_device,2,50.0,OTHER,RECRUITING,RANDOMIZED,True,DOUBLE,2.0,True,True,CROSSOVER,True,False,True,False,False,False,0,False
NCT05110183,2025.0,2021-2026,NA,proc_device,1,30.0,OTHER,ENROLLING_BY_INVITATION,NA,False,NONE,0.0,False,False,SINGLE_GROUP,True,False,False,False,False,False,0,False
NCT04593290,2020.0,2016-2020,NA,proc_device,2,24.0,OTHER,COMPLETED,NON_RANDOMIZED,False,NONE,0.0,False,False,PARALLEL,False,False,False,False,False,False,1,False
NCT04187781,2019.0,2016-2020,NA,proc_device,2,13.0,INDUSTRY,COMPLETED,RANDOMIZED,True,SINGLE,1.0,True,False,CROSSOVER,False,False,False,False,False,False,0,False
NCT06803394,2025.0,2021-2026,NA,proc_device,2,800.0,OTHER,ENROLLING_BY_INVITATION,RANDOMIZED,True,NONE,0.0,False,False,PARALLEL,True,False,False,False,False,False,0,False
NCT06377215,2025.0,2021-2026,NA,proc_device,3,121.0,OTHER,RECRUITING,NON_RANDOMIZED,False,SINGLE,1.0,True,False,SINGLE_GROUP,True,False,False,True,False,False,0,False
NCT03751891,2018.0,2016-2020,NA,proc_device,3,15.0,INDUSTRY,COMPLETED,RANDOMIZED,True,SINGLE,1.0,True,False,CROSSOVER,False,False,True,True,False,False,0,False
NCT06112860,2024.0,2021-2026,NA,proc_device,2,50.0,OTHER,RECRUITING,RANDOMIZED,True,SINGLE,1.0,True,False,CROSSOVER,True,False,True,False,False,False,0,False
NCT04320407,2020.0,2016-2020,NA,proc_device,1,20.0,INDUSTRY,COMPLETED,NA,False,NONE,0.0,False,False,SINGLE_GROUP,False,False,True,False,True,False,0,False
NCT03900897,2019.0,2016-2020,NA,proc_device,2,247.0,INDUSTRY,COMPLETED,NON_RANDOMIZED,False,NONE,0.0,False,False,SINGLE_GROUP,True,False,True,False,False,False,0,False
NCT02239263,2014.0,<=2015,NA,proc_device,1,40.0,INDUSTRY,COMPLETED,NA,False,NONE,0.0,False,False,SINGLE_GROUP,True,False,True,False,True,False,0,False
NCT04167735,2019.0,2016-2020,NA,proc_device,2,18.0,INDUSTRY,COMPLETED,RANDOMIZED,True,SINGLE,1.0,True,False,CROSSOVER,False,False,True,False,False,False,0,False
NCT05052281,2019.0,2016-2020,NA,proc_device,2,100.0,OTHER,COMPLETED,RANDOMIZED,True,SINGLE,1.0,True,False,PARALLEL,True,False,True,False,False,False,1,True
NCT04610450,2021.0,2021-2026,NA,proc_device,1,3.0,OTHER,COMPLETED,NA,False,NONE,0.0,False,False,SINGLE_GROUP,False,False,True,False,False,False,0,True
NCT03321006,2018.0,2016-2020,PHASE4,both,2,25.0,OTHER,COMPLETED,RANDOMIZED,True,QUADRUPLE,4.0,True,True,PARALLEL,False,True,True,False,True,False,0,True
NCT03243097,2017.0,2016-2020,NA,proc_device,1,9.0,OTHER,COMPLETED,NA,False,NONE,0.0,False,False,SEQUENTIAL,False,False,False,False,False,False,0,False
NCT02744066,2017.0,2016-2020,NA,proc_device,1,55.0,OTHER,COMPLETED,NA,False,NONE,0.0,False,False,SINGLE_GROUP,True,False,False,False,True,False,1,False
NCT06524310,2024.0,2021-2026,NA,proc_device,2,35.0,OTHER,COMPLETED,RANDOMIZED,True,DOUBLE,2.0,True,True,PARALLEL,True,False,False,False,False,False,1,True
NCT05435612,2022.0,2021-2026,NA,proc_device,2,30.0,OTHER,UNKNOWN,NON_RANDOMIZED,False,NONE,0.0,False,False,PARALLEL,True,False,True,False,False,False,0,
NCT03289845,2015.0,<=2015,NA,proc_device,1,36.0,INDUSTRY,COMPLETED,NA,False,NONE,0.0,False,False,SINGLE_GROUP,True,False,True,False,False,False,0,False
NCT07245030,2025.0,2021-2026,NA,proc_device,2,54.0,OTHER,RECRUITING,RANDOMIZED,True,SINGLE,1.0,True,False,PARALLEL,True,False,False,False,False,False,0,True
NCT02669069,2016.0,2016-2020,NA,proc_device,3,326.0,INDUSTRY,COMPLETED,RANDOMIZED,True,QUADRUPLE,4.0,True,True,PARALLEL,True,False,True,True,False,True,0,True
NCT06256081,2019.0,2016-2020,NA,proc_device,2,60.0,OTHER,COMPLETED,NON_RANDOMIZED,False,NONE,0.0,False,False,SINGLE_GROUP,True,False,False,False,False,False,0,False
NCT00727909,2009.0,<=2015,NA,proc_device,1,290.0,FED,COMPLETED,NA,False,NONE,0.0,False,False,SINGLE_GROUP,True,False,True,False,True,False,0,False
NCT05656313,2022.0,2021-2026,NA,proc_device,2,22.0,INDUSTRY,COMPLETED,NON_RANDOMIZED,False,SINGLE,1.0,True,False,SINGLE_GROUP,False,False,True,False,False,False,0,False
NCT05072457,2021.0,2021-2026,NA,proc_device,1,10.0,INDUSTRY,COMPLETED,NA,False,NONE,0.0,False,False,SINGLE_GROUP,False,False,False,False,True,False,0,
NCT02259192,2014.0,<=2015,NA,proc_device,1,10.0,OTHER,UNKNOWN,NA,False,NONE,0.0,False,False,SINGLE_GROUP,False,False,False,False,False,False,0,False
NCT03716544,2018.0,2016-2020,NA,proc_device,3,64.0,OTHER,COMPLETED,RANDOMIZED,True,SINGLE,1.0,True,False,PARALLEL,True,False,True,True,False,False,1,True
NCT04521166,2021.0,2021-2026,NA,proc_device,4,42.0,OTHER,COMPLETED,RANDOMIZED,True,DOUBLE,2.0,True,True,FACTORIAL,True,False,True,True,True,False,1,False
NCT07228845,2026.0,2021-2026,NA,proc_device,3,32.0,OTHER,RECRUITING,RANDOMIZED,True,NONE,0.0,False,False,CROSSOVER,True,False,True,True,False,False,0,False
NCT01788423,2012.0,<=2015,NA,proc_device,3,323.0,OTHER,COMPLETED,RANDOMIZED,True,TRIPLE,3.0,True,True,PARALLEL,True,False,True,True,True,False,2,True
NCT07028619,2025.0,2021-2026,NA,proc_device,1,10.0,INDUSTRY,COMPLETED,NA,False,NONE,0.0,False,False,SINGLE_GROUP,False,False,False,False,True,False,0,False
NCT06699797,2025.0,2021-2026,NA,proc_device,1,56.0,INDUSTRY,ACTIVE_NOT_RECRUITING,NA,False,NONE,0.0,False,False,SINGLE_GROUP,True,False,True,False,False,False,0,False
NCT03680625,2019.0,2016-2020,NA,proc_device,2,188.0,OTHER,COMPLETED,RANDOMIZED,True,NONE,0.0,False,False,PARALLEL,True,False,True,False,False,False,2,False
NCT06689865,2024.0,2021-2026,NA,proc_device,4,280.0,OTHER,RECRUITING,RANDOMIZED,True,NONE,0.0,False,False,PARALLEL,True,False,True,True,False,False,0,True
NCT04450290,2020.0,2016-2020,NA,proc_device,1,10.0,INDUSTRY,COMPLETED,NA,False,NONE,0.0,False,False,SINGLE_GROUP,False,False,False,False,False,False,0,False
NCT03108768,2017.0,2016-2020,NA,proc_device,2,20.0,INDUSTRY,COMPLETED,RANDOMIZED,True,SINGLE,1.0,True,False,CROSSOVER,False,False,True,False,False,False,0,False
NCT00451503,2007.0,<=2015,NA,proc_device,1,69.0,OTHER,COMPLETED,NA,False,NONE,0.0,False,False,SINGLE_GROUP,True,False,True,False,False,False,0,True
NCT06298396,2024.0,2021-2026,NA,proc_device,1,20.0,INDUSTRY,COMPLETED,NA,False,NONE,0.0,False,False,SINGLE_GROUP,False,False,True,False,True,False,0,False
NCT07501312,2026.0,2021-2026,NA,proc_device,6,19.0,INDUSTRY,COMPLETED,RANDOMIZED,True,SINGLE,1.0,True,False,CROSSOVER,False,False,True,True,False,False,0,False
NCT04839289,2021.0,2021-2026,NA,proc_device,2,27.0,INDUSTRY,COMPLETED,RANDOMIZED,True,SINGLE,1.0,True,False,CROSSOVER,False,False,True,False,True,False,0,
NCT02309099,2014.0,<=2015,NA,proc_device,1,10.0,OTHER,COMPLETED,NA,False,NONE,0.0,False,False,SINGLE_GROUP,False,False,True,False,True,False,0,False
NCT00488007,2007.0,<=2015,NA,proc_device,2,51.0,OTHER,COMPLETED,RANDOMIZED,True,DOUBLE,2.0,True,True,PARALLEL,True,False,True,False,False,True,0,False
NCT03766152,2018.0,2016-2020,NA,proc_device,1,19.0,OTHER,COMPLETED,NA,False,NONE,0.0,False,False,SINGLE_GROUP,False,False,True,False,False,False,0,
NCT06075069,2021.0,2021-2026,NA,proc_device,3,30.0,OTHER,COMPLETED,RANDOMIZED,True,NONE,0.0,False,False,PARALLEL,True,False,True,True,False,False,0,
NCT01904448,2012.0,<=2015,NA,proc_device,1,5.0,OTHER,COMPLETED,NA,False,NONE,0.0,False,False,SINGLE_GROUP,False,False,True,False,True,False,0,True
NCT07018882,2025.0,2021-2026,NA,proc_device,1,25.0,INDUSTRY,NOT_YET_RECRUITING,NA,False,NONE,0.0,False,False,SINGLE_GROUP,False,False,True,False,False,False,0,False
NCT03002142,2017.0,2016-2020,NA,proc_device,2,9.0,OTHER,COMPLETED,RANDOMIZED,True,DOUBLE,2.0,True,True,PARALLEL,False,False,True,False,False,False,0,True
NCT05214053,2022.0,2021-2026,NA,proc_device,1,1.0,OTHER,TERMINATED,NA,False,NONE,0.0,False,False,SINGLE_GROUP,False,False,False,False,False,False,0,False
NCT03993899,2019.0,2016-2020,NA,proc_device,2,19.0,INDUSTRY,COMPLETED,RANDOMIZED,True,DOUBLE,2.0,True,True,CROSSOVER,False,False,False,False,False,False,0,False
NCT04427631,2020.0,2016-2020,NA,proc_device,1,20.0,OTHER,UNKNOWN,NA,False,NONE,0.0,False,False,SINGLE_GROUP,False,False,True,False,False,False,0,False
NCT02309541,2015.0,<=2015,NA,proc_device,2,12.0,INDUSTRY,COMPLETED,RANDOMIZED,True,DOUBLE,2.0,True,True,CROSSOVER,False,False,True,False,False,False,0,False
NCT05250414,2022.0,2021-2026,NA,proc_device,1,15.0,INDUSTRY,COMPLETED,NA,False,NONE,0.0,False,False,SINGLE_GROUP,False,False,True,False,False,False,0,False
NCT02671032,2016.0,2016-2020,NA,proc_device,1,12.0,INDUSTRY,COMPLETED,NA,False,NONE,0.0,False,False,SINGLE_GROUP,False,False,True,False,True,False,0,False
NCT00960102,2009.0,<=2015,NA,proc_device,3,40.0,OTHER,UNKNOWN,NON_RANDOMIZED,False,NONE,0.0,False,False,PARALLEL,True,False,True,True,False,False,1,False
NCT03007472,2017.0,2016-2020,NA,proc_device,1,96.0,INDUSTRY,COMPLETED,NA,False,NONE,0.0,False,False,SINGLE_GROUP,True,False,True,False,True,False,3,False
NCT04882787,2021.0,2021-2026,NA,proc_device,1,14.0,INDUSTRY,COMPLETED,NA,False,NONE,0.0,False,False,SINGLE_GROUP,False,False,True,False,True,False,0,
NCT07282028,2025.0,2021-2026,PHASE2;PHASE3,proc_device,1,89.0,INDUSTRY,RECRUITING,NA,False,NONE,0.0,False,False,SINGLE_GROUP,False,True,True,False,False,False,0,False
NCT07185061,2024.0,2021-2026,NA,proc_device,1,200.0,OTHER,RECRUITING,NA,False,NONE,0.0,False,False,SINGLE_GROUP,True,False,True,False,False,False,0,
NCT05805384,2023.0,2021-2026,NA,proc_device,1,60.0,OTHER,RECRUITING,NA,False,NONE,0.0,False,False,SINGLE_GROUP,True,False,True,False,False,False,0,False
NCT02811549,2016.0,2016-2020,NA,proc_device,1,24.0,INDUSTRY,COMPLETED,NA,False,NONE,0.0,False,False,SINGLE_GROUP,False,False,True,False,True,False,0,False
NCT04793412,2021.0,2021-2026,NA,proc_device,1,80.0,OTHER,ACTIVE_NOT_RECRUITING,NA,False,NONE,0.0,False,False,SINGLE_GROUP,True,False,True,False,False,False,0,True
NCT03761927,2018.0,2016-2020,NA,proc_device,3,17.0,INDUSTRY,COMPLETED,RANDOMIZED,True,SINGLE,1.0,True,False,CROSSOVER,False,False,True,True,False,False,0,False
NCT04661995,2023.0,2021-2026,NA,proc_device,3,108.0,FED,COMPLETED,RANDOMIZED,True,SINGLE,1.0,True,False,PARALLEL,True,False,True,True,False,False,0,False
NCT02689349,2010.0,<=2015,NA,proc_device,2,117.0,INDUSTRY,COMPLETED,NON_RANDOMIZED,False,NONE,0.0,False,False,SINGLE_GROUP,True,False,True,False,True,False,0,False
NCT03780374,2018.0,2016-2020,NA,proc_device,3,20.0,INDUSTRY,COMPLETED,RANDOMIZED,True,SINGLE,1.0,True,False,CROSSOVER,False,False,True,True,False,False,0,
NCT05198713,2022.0,2021-2026,NA,proc_device,1,15.0,INDUSTRY,COMPLETED,NA,False,NONE,0.0,False,False,SINGLE_GROUP,False,False,True,False,True,False,0,
NCT07648615,2026.0,2021-2026,NA,proc_device,1,6.0,NETWORK,NOT_YET_RECRUITING,NA,False,NONE,0.0,False,False,SINGLE_GROUP,False,False,True,False,False,False,0,False
NCT04030299,2019.0,2016-2020,NA,proc_device,1,34.0,OTHER,COMPLETED,NA,False,NONE,0.0,False,False,SINGLE_GROUP,True,False,False,False,True,False,0,False
NCT05793580,2008.0,<=2015,NA,proc_device,1,31.0,INDUSTRY,COMPLETED,NA,False,NONE,0.0,False,False,SINGLE_GROUP,True,False,False,False,False,False,0,False
NCT03938753,2019.0,2016-2020,NA,proc_device,1,20.0,INDUSTRY,COMPLETED,NA,False,NONE,0.0,False,False,SINGLE_GROUP,False,False,True,False,False,False,0,False
NCT07033130,2026.0,2021-2026,NA,proc_device,1,4.0,INDUSTRY,TERMINATED,NA,False,NONE,0.0,False,False,SINGLE_GROUP,False,False,True,False,False,False,0,False
NCT01800929,2012.0,<=2015,NA,proc_device,2,30.0,OTHER,UNKNOWN,NON_RANDOMIZED,False,NONE,0.0,False,False,SINGLE_GROUP,True,False,True,False,False,False,0,False
NCT05674786,2023.0,2021-2026,NA,proc_device,1,8.0,OTHER,RECRUITING,NA,False,NONE,0.0,False,False,SINGLE_GROUP,False,False,True,False,False,True,0,True
NCT05898659,2023.0,2021-2026,NA,proc_device,2,20.0,INDUSTRY,RECRUITING,RANDOMIZED,True,DOUBLE,2.0,True,True,CROSSOVER,False,False,False,False,False,False,0,False
NCT05859568,2023.0,2021-2026,NA,proc_device,1,20.0,INDUSTRY,ENROLLING_BY_INVITATION,NA,False,NONE,0.0,False,False,SINGLE_GROUP,False,False,True,False,False,False,0,False
NCT03498274,2018.0,2016-2020,NA,proc_device,2,14.0,INDUSTRY,TERMINATED,RANDOMIZED,True,NONE,0.0,False,False,CROSSOVER,False,False,False,False,False,False,0,False
NCT04578457,2020.0,2016-2020,NA,proc_device,4,19.0,INDUSTRY,COMPLETED,RANDOMIZED,True,SINGLE,1.0,True,False,CROSSOVER,False,False,True,True,True,False,0,False
NCT05628285,2022.0,2021-2026,NA,proc_device,1,11.0,INDUSTRY,COMPLETED,NA,False,NONE,0.0,False,False,SINGLE_GROUP,False,False,True,False,True,False,0,False
NCT02203305,2014.0,<=2015,NA,proc_device,3,43.0,OTHER,COMPLETED,NON_RANDOMIZED,False,NONE,0.0,False,False,SINGLE_GROUP,True,False,True,True,True,False,1,
NCT01854879,2013.0,<=2015,NA,proc_device,1,97.0,INDUSTRY,COMPLETED,NA,False,NONE,0.0,False,False,SINGLE_GROUP,True,False,True,False,True,False,0,True
NCT07077070,2025.0,2021-2026,NA,proc_device,1,20.0,INDUSTRY,COMPLETED,NA,False,NONE,0.0,False,False,SINGLE_GROUP,False,False,False,False,False,False,0,False
NCT05775367,2023.0,2021-2026,NA,proc_device,3,60.0,OTHER,RECRUITING,NON_RANDOMIZED,False,NONE,0.0,False,False,PARALLEL,True,False,False,True,False,False,0,False
NCT05003674,2022.0,2021-2026,NA,proc_device,2,19.0,INDUSTRY,COMPLETED,RANDOMIZED,True,NONE,0.0,False,False,CROSSOVER,False,False,True,False,False,False,0,False
NCT05866770,2023.0,2021-2026,NA,proc_device,2,150.0,INDUSTRY,ACTIVE_NOT_RECRUITING,RANDOMIZED,True,NONE,0.0,False,False,CROSSOVER,True,False,False,False,False,False,0,False
NCT06962540,2025.0,2021-2026,NA,proc_device,2,30.0,OTHER,ENROLLING_BY_INVITATION,RANDOMIZED,True,SINGLE,1.0,True,False,CROSSOVER,True,False,True,False,False,False,0,False
NCT06986499,2025.0,2021-2026,NA,proc_device,1,20.0,INDUSTRY,COMPLETED,NA,False,NONE,0.0,False,False,SINGLE_GROUP,False,False,False,False,False,False,0,False
NCT03718975,2018.0,2016-2020,NA,proc_device,2,28.0,INDUSTRY,COMPLETED,RANDOMIZED,True,NONE,0.0,False,False,CROSSOVER,False,False,False,False,False,False,0,False
NCT04840277,2020.0,2016-2020,NA,proc_device,2,92.0,OTHER,COMPLETED,RANDOMIZED,True,NONE,0.0,False,False,PARALLEL,True,False,True,False,False,False,1,
NCT03316287,2018.0,2016-2020,NA,proc_device,2,1080.0,OTHER,COMPLETED,NON_RANDOMIZED,False,NONE,0.0,False,False,PARALLEL,True,False,False,False,False,False,1,False
NCT03086018,2017.0,2016-2020,NA,proc_device,1,30.0,INDUSTRY,COMPLETED,NA,False,NONE,0.0,False,False,SINGLE_GROUP,True,False,True,False,True,False,0,False
NCT06420037,2023.0,2021-2026,NA,proc_device,3,32.0,OTHER,COMPLETED,NON_RANDOMIZED,False,SINGLE,1.0,True,False,SEQUENTIAL,True,False,False,True,False,False,0,False
NCT06743295,2025.0,2021-2026,NA,proc_device,2,500.0,OTHER,RECRUITING,NON_RANDOMIZED,False,NONE,0.0,False,False,PARALLEL,True,False,True,False,False,False,0,False
NCT03555084,2018.0,2016-2020,NA,proc_device,2,16.0,INDUSTRY,COMPLETED,RANDOMIZED,True,SINGLE,1.0,True,False,CROSSOVER,False,False,True,False,False,False,0,False
NCT05973669,2024.0,2021-2026,NA,proc_device,1,50.0,INDUSTRY,ENROLLING_BY_INVITATION,NA,False,NONE,0.0,False,False,SINGLE_GROUP,True,False,False,False,False,False,0,False
NCT06459765,2024.0,2021-2026,NA,proc_device,1,30.0,INDUSTRY,COMPLETED,NA,False,NONE,0.0,False,False,SINGLE_GROUP,True,False,True,False,False,False,0,False
NCT07255586,2026.0,2021-2026,NA,proc_device,2,120.0,OTHER,NOT_YET_RECRUITING,RANDOMIZED,True,NONE,0.0,False,False,PARALLEL,True,False,True,False,False,False,0,False
NCT04774185,2021.0,2021-2026,NA,proc_device,2,23.0,INDUSTRY,COMPLETED,NON_RANDOMIZED,False,SINGLE,1.0,True,False,CROSSOVER,False,False,True,False,False,False,0,False
NCT03859648,2019.0,2016-2020,NA,proc_device,1,9.0,INDUSTRY,TERMINATED,NA,False,NONE,0.0,False,False,SINGLE_GROUP,False,False,True,False,True,False,0,False
NCT05964725,2023.0,2021-2026,NA,proc_device,2,86.0,OTHER,UNKNOWN,RANDOMIZED,True,QUADRUPLE,4.0,True,True,PARALLEL,True,False,True,False,False,False,0,False
NCT03867396,2019.0,2016-2020,NA,proc_device,3,40.0,OTHER,COMPLETED,RANDOMIZED,True,NONE,0.0,False,False,CROSSOVER,True,False,True,True,True,False,0,False
NCT06860152,2024.0,2021-2026,NA,proc_device,2,150.0,OTHER,RECRUITING,NON_RANDOMIZED,False,NONE,0.0,False,False,PARALLEL,True,False,False,False,False,False,0,False
NCT04953390,2021.0,2021-2026,NA,proc_device,1,19.0,INDUSTRY,COMPLETED,NA,False,NONE,0.0,False,False,SINGLE_GROUP,False,False,True,False,True,False,0,
NCT04881435,2020.0,2016-2020,NA,proc_device,2,100.0,OTHER,UNKNOWN,RANDOMIZED,True,SINGLE,1.0,True,False,PARALLEL,True,False,True,False,False,True,0,
NCT07011927,2025.0,2021-2026,NA,proc_device,1,12.0,OTHER,RECRUITING,NA,False,NONE,0.0,False,False,SINGLE_GROUP,False,False,False,False,False,False,0,False
NCT05197803,2022.0,2021-2026,NA,proc_device,1,25.0,INDUSTRY,COMPLETED,NA,False,NONE,0.0,False,False,SINGLE_GROUP,False,False,True,False,True,False,0,
NCT05076045,2022.0,2021-2026,NA,proc_device,2,32.0,OTHER,COMPLETED,RANDOMIZED,True,NONE,0.0,False,False,CROSSOVER,True,False,False,False,True,False,2,
NCT02045511,2014.0,<=2015,NA,proc_device,2,15.0,OTHER,COMPLETED,RANDOMIZED,True,NONE,0.0,False,False,PARALLEL,False,False,False,False,True,False,0,True
NCT03261726,2017.0,2016-2020,NA,proc_device,1,0.0,OTHER,WITHDRAWN,NA,False,NONE,0.0,False,False,SINGLE_GROUP,False,False,True,False,False,False,0,True
NCT02589561,2015.0,<=2015,NA,proc_device,2,60.0,OTHER,COMPLETED,RANDOMIZED,True,SINGLE,1.0,True,False,CROSSOVER,True,False,False,False,False,False,1,False
NCT07081542,2026.0,2021-2026,NA,proc_device,2,32.0,OTHER,NOT_YET_RECRUITING,RANDOMIZED,True,SINGLE,1.0,True,False,PARALLEL,True,False,True,False,False,False,0,False
NCT05619575,2022.0,2021-2026,NA,proc_device,1,20.0,INDUSTRY,COMPLETED,NA,False,NONE,0.0,False,False,SINGLE_GROUP,False,False,False,False,True,False,1,False
NCT02096809,2014.0,<=2015,NA,proc_device,1,25.0,OTHER,COMPLETED,NA,False,NONE,0.0,False,False,SINGLE_GROUP,False,False,True,False,False,False,0,False
NCT01815788,2013.0,<=2015,NA,proc_device,1,31.0,OTHER,COMPLETED,NA,False,NONE,0.0,False,False,SINGLE_GROUP,True,False,False,False,False,False,1,False
NCT07146841,2020.0,2016-2020,NA,proc_device,4,48.0,OTHER,RECRUITING,RANDOMIZED,True,SINGLE,1.0,True,False,SEQUENTIAL,True,False,True,True,False,False,0,True
NCT05350046,2022.0,2021-2026,NA,proc_device,1,30.0,INDUSTRY,COMPLETED,NA,False,NONE,0.0,False,False,SINGLE_GROUP,True,False,False,False,False,False,0,True
NCT06712693,2024.0,2021-2026,NA,proc_device,1,19.0,INDUSTRY,COMPLETED,NA,False,NONE,0.0,False,False,SINGLE_GROUP,False,False,True,False,False,False,0,False
NCT05511753,2022.0,2021-2026,NA,proc_device,1,80.0,OTHER,UNKNOWN,NA,False,NONE,0.0,False,False,SINGLE_GROUP,True,False,True,False,False,False,0,True
NCT05166265,2022.0,2021-2026,NA,proc_device,1,51.0,INDUSTRY,UNKNOWN,NA,False,NONE,0.0,False,False,SINGLE_GROUP,True,False,True,False,False,False,0,False
NCT05848661,2024.0,2021-2026,NA,proc_device,4,240.0,INDUSTRY,UNKNOWN,RANDOMIZED,True,DOUBLE,2.0,True,True,CROSSOVER,True,False,True,True,False,False,0,
NCT03131557,2017.0,2016-2020,NA,proc_device,2,20.0,INDUSTRY,COMPLETED,RANDOMIZED,True,SINGLE,1.0,True,False,CROSSOVER,False,False,True,False,False,False,0,
NCT05280808,2022.0,2021-2026,NA,proc_device,1,27.0,INDUSTRY,COMPLETED,NA,False,NONE,0.0,False,False,SINGLE_GROUP,False,False,True,False,False,False,0,True
NCT05561335,2023.0,2021-2026,NA,proc_device,1,20.0,INDUSTRY,UNKNOWN,NA,False,NONE,0.0,False,False,SINGLE_GROUP,False,False,True,False,False,False,0,
NCT07192757,2025.0,2021-2026,NA,proc_device,2,36.0,OTHER,RECRUITING,RANDOMIZED,True,DOUBLE,2.0,True,True,PARALLEL,True,False,True,False,False,False,0,False
NCT06100393,2024.0,2021-2026,NA,proc_device,5,150.0,INDUSTRY,ACTIVE_NOT_RECRUITING,NON_RANDOMIZED,False,SINGLE,1.0,True,False,PARALLEL,True,False,True,True,False,False,0,False
NCT07540728,2026.0,2021-2026,PHASE2,both,3,108.0,OTHER,NOT_YET_RECRUITING,NON_RANDOMIZED,False,SINGLE,1.0,True,False,PARALLEL,True,False,True,True,False,False,0,False
NCT05274178,2022.0,2021-2026,NA,proc_device,2,20.0,INDUSTRY,COMPLETED,NON_RANDOMIZED,False,SINGLE,1.0,True,False,CROSSOVER,False,False,True,False,True,False,0,
NCT01738490,2012.0,<=2015,NA,proc_device,2,59.0,INDUSTRY,COMPLETED,RANDOMIZED,True,NONE,0.0,False,False,PARALLEL,True,False,True,False,False,True,0,False
NCT02705326,2016.0,2016-2020,NA,proc_device,1,37.0,INDUSTRY,COMPLETED,NA,False,NONE,0.0,False,False,SINGLE_GROUP,True,False,True,False,False,True,0,True
NCT07699146,2026.0,2021-2026,NA,proc_device,1,300.0,OTHER,NOT_YET_RECRUITING,NA,False,NONE,0.0,False,False,SINGLE_GROUP,True,False,False,False,False,False,0,False
NCT05453019,2022.0,2021-2026,NA,proc_device,2,200.0,OTHER,RECRUITING,NON_RANDOMIZED,False,NONE,0.0,False,False,PARALLEL,True,False,True,False,False,False,0,
NCT02794103,2016.0,2016-2020,NA,proc_device,1,18.0,OTHER,COMPLETED,NA,False,NONE,0.0,False,False,SINGLE_GROUP,False,False,True,False,True,False,0,False
NCT02392403,2015.0,<=2015,NA,proc_device,1,45.0,INDUSTRY,COMPLETED,NA,False,NONE,0.0,False,False,SINGLE_GROUP,True,False,True,False,True,False,1,False
NCT04775810,2021.0,2021-2026,NA,proc_device,0,60.0,INDUSTRY,UNKNOWN,NA,False,NONE,0.0,False,False,SINGLE_GROUP,True,False,True,False,False,False,0,False
NCT06597747,2024.0,2021-2026,NA,proc_device,1,20.0,INDUSTRY,COMPLETED,NA,False,NONE,0.0,False,False,SINGLE_GROUP,False,False,True,False,True,False,0,False
NCT03694704,2019.0,2016-2020,NA,proc_device,1,0.0,INDUSTRY,WITHDRAWN,NA,False,NONE,0.0,False,False,SINGLE_GROUP,False,False,False,False,False,False,0,False
NCT03834714,2020.0,2016-2020,NA,proc_device,2,14.0,OTHER,COMPLETED,RANDOMIZED,True,DOUBLE,2.0,True,True,CROSSOVER,False,False,True,False,False,False,0,False
NCT00977314,2009.0,<=2015,NA,proc_device,1,35.0,INDUSTRY,COMPLETED,NA,False,NONE,0.0,False,False,SINGLE_GROUP,True,False,True,False,True,True,0,True
NCT00748540,2007.0,<=2015,NA,proc_device,1,50.0,INDUSTRY,COMPLETED,NA,False,NONE,0.0,False,False,SINGLE_GROUP,True,False,True,False,True,False,0,False
NCT07252492,2025.0,2021-2026,NA,proc_device,2,100.0,INDUSTRY,RECRUITING,RANDOMIZED,True,DOUBLE,2.0,True,True,PARALLEL,True,False,True,False,False,False,0,False
NCT07288463,2027.0,2021-2026,NA,proc_device,2,40.0,OTHER,NOT_YET_RECRUITING,RANDOMIZED,True,SINGLE,1.0,True,False,PARALLEL,True,False,True,False,False,False,0,False
NCT02740036,2016.0,2016-2020,NA,proc_device,0,,INDUSTRY,COMPLETED,,False,,,False,False,,,False,False,False,False,False,0,False
NCT04918745,2021.0,2021-2026,NA,proc_device,12,13.0,OTHER,ACTIVE_NOT_RECRUITING,RANDOMIZED,True,SINGLE,1.0,True,False,CROSSOVER,False,False,False,True,False,False,3,True
NCT03756337,2019.0,2016-2020,NA,proc_device,2,20.0,INDUSTRY,COMPLETED,RANDOMIZED,True,NONE,0.0,False,False,CROSSOVER,False,False,False,False,False,False,0,False
NCT04043910,2018.0,2016-2020,NA,proc_device,2,50.0,OTHER,COMPLETED,NON_RANDOMIZED,False,NONE,0.0,False,False,PARALLEL,True,False,False,False,False,True,0,False
NCT07572357,2026.0,2021-2026,NA,proc_device,2,24.0,INDUSTRY,RECRUITING,NON_RANDOMIZED,False,NONE,0.0,False,False,CROSSOVER,False,False,True,False,False,False,0,False
NCT04495660,2020.0,2016-2020,NA,proc_device,4,80.0,OTHER,RECRUITING,NON_RANDOMIZED,False,NONE,0.0,False,False,PARALLEL,True,False,False,True,False,False,0,False
NCT07667140,2026.0,2021-2026,NA,proc_device,1,24.0,INDUSTRY,COMPLETED,NA,False,NONE,0.0,False,False,SINGLE_GROUP,False,False,False,False,False,False,0,False
NCT04049643,2019.0,2016-2020,NA,proc_device,3,17.0,OTHER,COMPLETED,RANDOMIZED,True,SINGLE,1.0,True,False,PARALLEL,False,False,True,True,True,False,0,False
NCT04815343,2020.0,2016-2020,NA,proc_device,2,20.0,INDUSTRY,COMPLETED,NON_RANDOMIZED,False,NONE,0.0,False,False,PARALLEL,False,False,False,False,False,False,0,False
NCT04496271,2020.0,2016-2020,NA,proc_device,2,23.0,INDUSTRY,COMPLETED,RANDOMIZED,True,SINGLE,1.0,True,False,CROSSOVER,False,False,False,False,False,False,0,False
NCT05615649,2023.0,2021-2026,NA,proc_device,1,36.0,INDUSTRY,ACTIVE_NOT_RECRUITING,NA,False,NONE,0.0,False,False,SINGLE_GROUP,True,False,True,False,False,False,0,False
NCT05324696,2020.0,2016-2020,NA,proc_device,3,50.0,OTHER,UNKNOWN,RANDOMIZED,True,DOUBLE,2.0,True,True,PARALLEL,True,False,True,True,False,False,0,True
NCT04882709,2021.0,2021-2026,NA,proc_device,5,12.0,INDUSTRY,TERMINATED,RANDOMIZED,True,DOUBLE,2.0,True,True,CROSSOVER,False,False,True,True,True,False,0,
NCT07690995,2026.0,2021-2026,NA,proc_device,1,42.0,INDUSTRY,NOT_YET_RECRUITING,NA,False,NONE,0.0,False,False,SINGLE_GROUP,True,False,False,False,False,False,0,False
NCT03864731,2019.0,2016-2020,NA,proc_device,1,24.0,OTHER,COMPLETED,NA,False,NONE,0.0,False,False,SINGLE_GROUP,False,False,False,False,False,False,0,
NCT02677220,2016.0,2016-2020,NA,proc_device,1,1.0,INDUSTRY,TERMINATED,NA,False,NONE,0.0,False,False,SINGLE_GROUP,False,False,True,False,True,False,0,False
NCT07420751,2026.0,2021-2026,NA,proc_device,1,18.0,OTHER,ACTIVE_NOT_RECRUITING,NA,False,NONE,0.0,False,False,SINGLE_GROUP,False,False,False,False,False,False,0,False
NCT05810220,2018.0,2016-2020,NA,proc_device,1,200.0,OTHER,RECRUITING,NON_RANDOMIZED,False,NONE,0.0,False,False,SINGLE_GROUP,True,False,False,False,False,False,0,False
NCT03755453,2018.0,2016-2020,NA,proc_device,2,24.0,INDUSTRY,COMPLETED,RANDOMIZED,True,SINGLE,1.0,True,False,SINGLE_GROUP,False,False,True,False,False,False,0,False
NCT02754843,2015.0,<=2015,NA,proc_device,2,27.0,INDUSTRY,COMPLETED,RANDOMIZED,True,SINGLE,1.0,True,False,CROSSOVER,False,False,False,False,False,False,0,
NCT03728907,2021.0,2021-2026,NA,proc_device,2,0.0,OTHER,WITHDRAWN,RANDOMIZED,True,DOUBLE,2.0,True,True,CROSSOVER,False,False,True,False,False,False,0,False
NCT00809601,2008.0,<=2015,NA,proc_device,1,400.0,OTHER,UNKNOWN,RANDOMIZED,True,SINGLE,1.0,True,False,PARALLEL,True,False,True,False,False,False,0,False
NCT04041596,2018.0,2016-2020,PHASE4,proc_device,0,0.0,OTHER,WITHDRAWN,NA,False,NONE,0.0,False,False,SINGLE_GROUP,False,True,True,False,False,False,0,False
NCT02852330,2017.0,2016-2020,NA,proc_device,1,20.0,INDUSTRY,COMPLETED,NA,False,NONE,0.0,False,False,SINGLE_GROUP,False,False,False,False,True,False,0,False
NCT05230498,2022.0,2021-2026,NA,proc_device,2,17.0,INDUSTRY,COMPLETED,RANDOMIZED,True,DOUBLE,2.0,True,True,CROSSOVER,False,False,False,False,False,False,0,False
NCT02951247,2016.0,2016-2020,NA,proc_device,0,30.0,INDUSTRY,COMPLETED,NA,False,SINGLE,1.0,True,False,SINGLE_GROUP,True,False,False,False,False,False,0,
NCT04237207,2019.0,2016-2020,NA,proc_device,2,22.0,INDUSTRY,COMPLETED,NON_RANDOMIZED,False,NONE,0.0,False,False,PARALLEL,False,False,True,False,True,False,0,False
NCT05644106,2021.0,2021-2026,NA,proc_device,2,30.0,OTHER,UNKNOWN,RANDOMIZED,True,SINGLE,1.0,True,False,CROSSOVER,True,False,True,False,False,False,1,
NCT06173687,2024.0,2021-2026,NA,proc_device,1,51.0,INDUSTRY,COMPLETED,NA,False,NONE,0.0,False,False,SINGLE_GROUP,True,False,False,False,True,False,0,False
NCT01423409,2011.0,<=2015,PHASE2;PHASE3,proc_device,2,289.0,OTHER,COMPLETED,NON_RANDOMIZED,False,NONE,0.0,False,False,PARALLEL,True,True,False,False,False,False,0,True
NCT03699735,2018.0,2016-2020,NA,proc_device,3,30.0,INDUSTRY,COMPLETED,RANDOMIZED,True,SINGLE,1.0,True,False,CROSSOVER,True,False,True,True,False,False,0,
NCT05962814,2023.0,2021-2026,NA,proc_device,1,11.0,OTHER,COMPLETED,NA,False,NONE,0.0,False,False,SINGLE_GROUP,False,False,False,False,True,False,0,False
NCT04739436,2021.0,2021-2026,NA,proc_device,2,278.0,OTHER,COMPLETED,RANDOMIZED,True,NONE,0.0,False,False,PARALLEL,True,False,True,False,True,False,0,False
NCT02102256,2014.0,<=2015,PHASE1,proc_device,1,10.0,OTHER,COMPLETED,NA,False,NONE,0.0,False,False,SINGLE_GROUP,False,False,False,False,True,True,0,True
NCT04794179,2019.0,2016-2020,NA,proc_device,1,16.0,OTHER,COMPLETED,NA,False,NONE,0.0,False,False,SINGLE_GROUP,False,False,True,False,True,False,0,False
NCT03304106,2017.0,2016-2020,NA,proc_device,2,102.0,INDUSTRY,COMPLETED,NON_RANDOMIZED,False,NONE,0.0,False,False,PARALLEL,True,False,True,False,True,False,1,False
NCT06424262,2024.0,2021-2026,NA,proc_device,2,50.0,INDUSTRY,COMPLETED,RANDOMIZED,True,DOUBLE,2.0,True,True,PARALLEL,True,False,True,False,False,False,0,False
NCT06598059,2025.0,2021-2026,NA,both,1,56.0,INDUSTRY,ACTIVE_NOT_RECRUITING,NA,False,NONE,0.0,False,False,SINGLE_GROUP,True,False,True,False,False,False,0,False
NCT04939259,2021.0,2021-2026,NA,proc_device,2,13.0,INDUSTRY,COMPLETED,RANDOMIZED,True,SINGLE,1.0,True,False,PARALLEL,False,False,True,False,False,False,0,False
NCT00747435,2007.0,<=2015,NA,proc_device,2,73.0,INDUSTRY,COMPLETED,NON_RANDOMIZED,False,NONE,0.0,False,False,SINGLE_GROUP,True,False,True,False,True,True,0,False
NCT05343026,2022.0,2021-2026,NA,proc_device,2,62.0,OTHER,UNKNOWN,RANDOMIZED,True,DOUBLE,2.0,True,True,PARALLEL,True,False,True,False,False,False,1,
NCT05054816,2022.0,2021-2026,NA,proc_device,1,20.0,INDUSTRY,COMPLETED,NA,False,NONE,0.0,False,False,SINGLE_GROUP,False,False,True,False,True,False,0,
NCT02684175,2016.0,2016-2020,NA,proc_device,2,13.0,OTHER,COMPLETED,RANDOMIZED,True,NONE,0.0,False,False,CROSSOVER,False,False,False,False,False,True,0,True
NCT06008782,2023.0,2021-2026,NA,proc_device,2,77.0,OTHER,COMPLETED,RANDOMIZED,True,NONE,0.0,False,False,CROSSOVER,True,False,False,False,False,False,0,
NCT02895477,2016.0,2016-2020,NA,proc_device,2,23.0,INDUSTRY,COMPLETED,RANDOMIZED,True,SINGLE,1.0,True,False,PARALLEL,False,False,False,False,False,False,0,
NCT05946395,2024.0,2021-2026,NA,proc_device,2,0.0,OTHER,WITHDRAWN,RANDOMIZED,True,NONE,0.0,False,False,PARALLEL,False,False,False,False,False,False,0,False
NCT05476328,2020.0,2016-2020,NA,proc_device,1,8.0,INDUSTRY,COMPLETED,NA,False,NONE,0.0,False,False,SINGLE_GROUP,False,False,False,False,True,False,0,False
NCT04102215,2019.0,2016-2020,NA,proc_device,1,25.0,OTHER,UNKNOWN,NA,False,NONE,0.0,False,False,SINGLE_GROUP,False,False,True,False,False,False,2,True
NCT04750642,2021.0,2021-2026,NA,proc_device,2,42.0,INDUSTRY,COMPLETED,RANDOMIZED,True,DOUBLE,2.0,True,True,PARALLEL,True,False,True,False,True,False,0,True
NCT05488535,2019.0,2016-2020,,proc_device,1,101.0,INDUSTRY,COMPLETED,NA,False,NONE,0.0,False,False,SINGLE_GROUP,True,False,True,False,True,False,0,False
NCT04787055,2020.0,2016-2020,NA,proc_device,2,35.0,INDUSTRY,COMPLETED,NON_RANDOMIZED,False,NONE,0.0,False,False,SINGLE_GROUP,True,False,False,False,True,False,0,
NCT07691853,2024.0,2021-2026,NA,proc_device,2,25.0,OTHER,RECRUITING,RANDOMIZED,True,SINGLE,1.0,True,False,CROSSOVER,False,False,True,False,False,False,0,False
NCT02641795,2016.0,2016-2020,NA,proc_device,1,9.0,OTHER,TERMINATED,NA,False,NONE,0.0,False,False,SINGLE_GROUP,False,False,True,False,False,False,0,True
NCT04192656,2019.0,2016-2020,PHASE4,both,2,102.0,OTHER,RECRUITING,RANDOMIZED,True,NONE,0.0,False,False,PARALLEL,True,True,True,False,False,False,0,True
NCT06068933,2023.0,2021-2026,NA,proc_device,3,1.0,OTHER,TERMINATED,RANDOMIZED,True,NONE,0.0,False,False,PARALLEL,False,False,False,True,False,False,0,True
NCT05150964,2021.0,2021-2026,NA,proc_device,1,16.0,INDUSTRY,COMPLETED,NA,False,NONE,0.0,False,False,SINGLE_GROUP,False,False,False,False,True,False,0,
NCT04754477,2021.0,2021-2026,NA,proc_device,1,20.0,INDUSTRY,COMPLETED,NA,False,NONE,0.0,False,False,SINGLE_GROUP,False,False,True,False,True,False,1,False
NCT07294976,2025.0,2021-2026,NA,proc_device,1,20.0,INDUSTRY,RECRUITING,NA,False,NONE,0.0,False,False,SEQUENTIAL,False,False,False,False,False,False,0,False
NCT03026829,2017.0,2016-2020,NA,proc_device,1,32.0,INDUSTRY,TERMINATED,NA,False,NONE,0.0,False,False,SINGLE_GROUP,True,False,True,False,False,False,0,
NCT03958006,2018.0,2016-2020,NA,proc_device,1,6.0,OTHER,COMPLETED,NA,False,NONE,0.0,False,False,SINGLE_GROUP,False,False,True,False,False,False,0,False
NCT07703800,2025.0,2021-2026,NA,proc_device,2,20.0,OTHER,RECRUITING,RANDOMIZED,True,SINGLE,1.0,True,False,PARALLEL,False,False,True,False,False,False,0,False
NCT07458477,2025.0,2021-2026,NA,proc_device,2,53.0,OTHER,COMPLETED,RANDOMIZED,True,SINGLE,1.0,True,False,PARALLEL,True,False,False,False,False,False,0,False
NCT05676944,2023.0,2021-2026,NA,proc_device,1,15.0,OTHER,RECRUITING,NA,False,NONE,0.0,False,False,SINGLE_GROUP,False,False,True,False,False,True,0,True
NCT04242940,2020.0,2016-2020,NA,proc_device,1,14.0,INDUSTRY,TERMINATED,NA,False,NONE,0.0,False,False,SINGLE_GROUP,False,False,False,False,True,False,0,
NCT04588870,2024.0,2021-2026,NA,proc_device,1,0.0,OTHER,WITHDRAWN,NA,False,NONE,0.0,False,False,SINGLE_GROUP,False,False,False,False,False,False,0,False
NCT04922619,2021.0,2021-2026,NA,proc_device,2,26.0,INDUSTRY,COMPLETED,RANDOMIZED,True,DOUBLE,2.0,True,True,CROSSOVER,False,False,False,False,False,False,1,False
NCT02872844,2016.0,2016-2020,NA,proc_device,1,0.0,OTHER,WITHDRAWN,NA,False,NONE,0.0,False,False,SINGLE_GROUP,False,False,False,False,False,False,0,True
NCT04995666,2021.0,2021-2026,NA,proc_device,1,19.0,INDUSTRY,COMPLETED,NA,False,NONE,0.0,False,False,SINGLE_GROUP,False,False,True,False,True,False,0,
NCT07139327,2025.0,2021-2026,NA,proc_device,1,36.0,INDUSTRY,ACTIVE_NOT_RECRUITING,NA,False,NONE,0.0,False,False,SINGLE_GROUP,True,False,True,False,False,False,0,True
NCT04222296,2018.0,2016-2020,NA,proc_device,3,30.0,OTHER,COMPLETED,NON_RANDOMIZED,False,NONE,0.0,False,False,PARALLEL,True,False,True,True,False,False,0,False
NCT01864291,2013.0,<=2015,NA,proc_device,1,9.0,OTHER,TERMINATED,NA,False,NONE,0.0,False,False,SINGLE_GROUP,False,False,True,False,True,False,0,True
NCT02740322,2015.0,<=2015,NA,proc_device,1,0.0,OTHER,WITHDRAWN,NA,False,NONE,0.0,False,False,SINGLE_GROUP,False,False,False,False,False,False,0,False
NCT06375278,2024.0,2021-2026,NA,proc_device,3,54.0,INDUSTRY,RECRUITING,RANDOMIZED,True,DOUBLE,2.0,True,True,PARALLEL,True,False,False,True,False,False,0,True
NCT05694039,2022.0,2021-2026,NA,proc_device,2,388.0,OTHER,RECRUITING,RANDOMIZED,True,DOUBLE,2.0,True,True,PARALLEL,True,False,True,False,False,False,0,False
NCT00784043,2004.0,<=2015,NA,proc_device,2,37.0,INDUSTRY,TERMINATED,NON_RANDOMIZED,False,NONE,0.0,False,False,PARALLEL,True,False,True,False,True,False,0,False
NCT05086809,2021.0,2021-2026,NA,proc_device,2,15.0,INDUSTRY,COMPLETED,RANDOMIZED,True,SINGLE,1.0,True,False,CROSSOVER,False,False,False,False,False,False,0,False
NCT06340919,2024.0,2021-2026,NA,proc_device,4,60.0,OTHER,UNKNOWN,RANDOMIZED,True,SINGLE,1.0,True,False,CROSSOVER,True,False,False,True,False,False,0,False
NCT03657615,2014.0,<=2015,NA,proc_device,2,40.0,OTHER,UNKNOWN,NON_RANDOMIZED,False,SINGLE,1.0,True,False,PARALLEL,True,False,True,False,False,False,0,False
NCT05058066,2019.0,2016-2020,NA,proc_device,3,51.0,OTHER,COMPLETED,NON_RANDOMIZED,False,NONE,0.0,False,False,PARALLEL,True,False,True,True,False,False,0,
NCT05055453,2021.0,2021-2026,NA,proc_device,1,16.0,INDUSTRY,COMPLETED,NA,False,NONE,0.0,False,False,SINGLE_GROUP,False,False,False,False,True,False,0,False
NCT02630589,2016.0,2016-2020,NA,proc_device,1,10.0,OTHER,RECRUITING,NA,False,NONE,0.0,False,False,SINGLE_GROUP,False,False,True,False,False,False,1,False
NCT05552118,2024.0,2021-2026,NA,proc_device,2,148.0,INDUSTRY,ACTIVE_NOT_RECRUITING,RANDOMIZED,True,NONE,0.0,False,False,PARALLEL,True,False,False,False,False,False,1,False
NCT05869266,2023.0,2021-2026,NA,proc_device,2,56.0,INDUSTRY,COMPLETED,RANDOMIZED,True,NONE,0.0,False,False,CROSSOVER,True,False,False,False,False,False,0,False
NCT05180630,2021.0,2021-2026,NA,proc_device,3,17.0,INDUSTRY,COMPLETED,RANDOMIZED,True,NONE,0.0,False,False,CROSSOVER,False,False,False,True,True,False,0,
NCT02794623,2014.0,<=2015,NA,proc_device,1,12.0,OTHER,COMPLETED,NA,False,NONE,0.0,False,False,SINGLE_GROUP,False,False,True,False,False,False,0,False
NCT03569228,2019.0,2016-2020,NA,proc_device,7,163.0,FED,TERMINATED,RANDOMIZED,True,NONE,0.0,False,False,PARALLEL,True,False,True,True,True,False,0,False
NCT05828017,2023.0,2021-2026,NA,proc_device,1,25.0,INDUSTRY,COMPLETED,NA,False,NONE,0.0,False,False,SINGLE_GROUP,False,False,True,False,True,False,0,False
NCT03253003,2017.0,2016-2020,NA,proc_device,1,19.0,INDUSTRY,COMPLETED,NA,False,NONE,0.0,False,False,SINGLE_GROUP,False,False,False,False,False,False,0,
NCT06746038,2025.0,2021-2026,NA,proc_device,1,10.0,INDUSTRY,NOT_YET_RECRUITING,NA,False,NONE,0.0,False,False,SINGLE_GROUP,False,False,True,False,False,False,0,False
NCT07032038,2026.0,2021-2026,PHASE1;PHASE2,both,2,20.0,INDUSTRY,NOT_YET_RECRUITING,RANDOMIZED,True,NONE,0.0,False,False,PARALLEL,False,False,True,False,False,False,0,True
NCT04155138,2019.0,2016-2020,NA,proc_device,2,15.0,OTHER,UNKNOWN,NON_RANDOMIZED,False,NONE,0.0,False,False,CROSSOVER,False,False,False,False,False,False,0,False
NCT01620385,2011.0,<=2015,PHASE1,proc_device,1,60.0,OTHER,UNKNOWN,NA,False,NONE,0.0,False,False,SINGLE_GROUP,True,False,False,False,False,False,0,False
NCT02379273,2015.0,<=2015,NA,proc_device,1,35.0,INDUSTRY,COMPLETED,NA,False,NONE,0.0,False,False,SINGLE_GROUP,True,False,True,False,True,False,2,False
NCT05365646,2022.0,2021-2026,NA,proc_device,2,350.0,OTHER,RECRUITING,NON_RANDOMIZED,False,NONE,0.0,False,False,PARALLEL,True,False,False,False,False,False,0,False
NCT06867380,2025.0,2021-2026,NA,proc_device,1,120.0,INDUSTRY,ACTIVE_NOT_RECRUITING,NA,False,NONE,0.0,False,False,SINGLE_GROUP,True,False,False,False,False,False,0,False
NCT04671381,2021.0,2021-2026,NA,proc_device,3,210.0,OTHER,RECRUITING,RANDOMIZED,True,TRIPLE,3.0,True,True,CROSSOVER,True,False,True,True,False,True,1,True
NCT02042404,2014.0,<=2015,NA,proc_device,1,48.0,INDUSTRY,COMPLETED,NA,False,NONE,0.0,False,False,SINGLE_GROUP,True,False,True,False,True,False,1,True
NCT06878300,2025.0,2021-2026,NA,proc_device,2,0.0,INDUSTRY,WITHDRAWN,RANDOMIZED,True,NONE,0.0,False,False,CROSSOVER,False,False,True,False,False,False,0,True
NCT07176936,2026.0,2021-2026,NA,proc_device,2,55.0,OTHER,RECRUITING,RANDOMIZED,True,DOUBLE,2.0,True,True,CROSSOVER,True,False,False,False,False,False,0,False
NCT05377359,2023.0,2021-2026,NA,proc_device,1,20.0,INDUSTRY,COMPLETED,NA,False,NONE,0.0,False,False,SINGLE_GROUP,False,False,True,False,True,False,0,False
NCT07690670,2026.0,2021-2026,NA,proc_device,2,66.0,OTHER,RECRUITING,RANDOMIZED,True,SINGLE,1.0,True,False,PARALLEL,True,False,True,False,False,False,0,False
NCT03126825,2017.0,2016-2020,NA,proc_device,2,48.0,INDUSTRY,COMPLETED,NON_RANDOMIZED,False,NONE,0.0,False,False,PARALLEL,True,False,True,False,False,False,0,False
NCT04146272,2018.0,2016-2020,NA,proc_device,4,33.0,INDUSTRY,COMPLETED,RANDOMIZED,True,SINGLE,1.0,True,False,CROSSOVER,True,False,True,True,True,False,0,False
NCT01588925,2011.0,<=2015,PHASE2,both,3,18.0,OTHER,COMPLETED,RANDOMIZED,True,DOUBLE,2.0,True,True,PARALLEL,False,False,True,True,False,False,0,False
NCT05000931,2022.0,2021-2026,NA,proc_device,1,50.0,INDUSTRY,COMPLETED,NA,False,NONE,0.0,False,False,SINGLE_GROUP,True,False,True,False,True,False,1,True
NCT03134989,2017.0,2016-2020,,proc_device,1,80.0,INDUSTRY,TERMINATED,NA,False,NONE,0.0,False,False,SINGLE_GROUP,True,False,False,False,True,False,0,False
NCT07044518,2025.0,2021-2026,NA,proc_device,2,21.0,OTHER,COMPLETED,RANDOMIZED,True,NONE,0.0,False,False,CROSSOVER,False,False,True,False,False,False,0,False
