characteristic,value
N trials,1460
Date range (start year),1995-2026
Enrollment median [IQR],83 [30-230]
"Pivotal (phase 3/4), n (%)",711 (49%)
"Treatment purpose, n (%)",1328 (91%)
"Results posted, n (%)",596 (41%)
"Attrition median [IQR], results-posted",9.8% [4.0%-19.0%] (n=596)
Intervention type: drug,1424 (98%)
Intervention type: both,36 (2%)
Sponsor class: INDUSTRY,1074 (74%)
Sponsor class: OTHER,353 (24%)
Sponsor class: OTHER_GOV,11 (1%)
Sponsor class: NIH,11 (1%)
Sponsor class: NETWORK,5 (0%)
Sponsor class: INDIV,4 (0%)
Sponsor class: FED,2 (0%)
Intervention model (A5): PARALLEL,997 (68%)
Intervention model (A5): SINGLE_GROUP,357 (24%)
Intervention model (A5): CROSSOVER,44 (3%)
Intervention model (A5): SEQUENTIAL,30 (2%)
Intervention model (A5): (not stated),20 (1%)
Intervention model (A5): FACTORIAL,12 (1%)
Comparator (A6): placebo/sham,643 (44%)
Comparator (A6): none/single-group,571 (39%)
Comparator (A6): active,235 (16%)
Comparator (A6): no-intervention,11 (1%)
IPD-sharing statement: (not stated),722 (49%)
IPD-sharing statement: NO,403 (28%)
IPD-sharing statement: YES,235 (16%)
IPD-sharing statement: UNDECIDED,100 (7%)
