nct,lead_sponsor_name,sponsor_class,sponsor_industry,sponsor_category
NCT01997801,Seoul National University Hospital,OTHER,False,academic
NCT06423703,"Tris Pharma, Inc.",INDUSTRY,True,industry
NCT01107899,Eli Lilly and Company,INDUSTRY,True,industry
NCT05509400,Pfizer,INDUSTRY,True,industry
NCT00668434,Kaiser Permanente,OTHER,False,hospital
NCT06267820,Sohag University,OTHER,False,academic
NCT06887959,Vertex Pharmaceuticals Incorporated,INDUSTRY,True,industry
NCT01637077,Academic and Community Cancer Research United,OTHER,False,research_nonprofit
NCT07248540,Havva Betül Bacak,OTHER_GOV,False,government
NCT06949059,The Affiliated Nanjing Drum Tower Hospital of Nanjing University Medical School,OTHER,False,academic
NCT02729805,The University of Hong Kong,OTHER,False,academic
NCT04291599,Boston Children's Hospital,OTHER,False,hospital
NCT04606836,Christine M. Kleinert Institute for Hand and Microsurgery,OTHER,False,research_nonprofit
NCT03574376,Chadrick Evans,OTHER,False,individual
NCT00718406,Sahlgrenska University Hospital,OTHER,False,academic
NCT00364533,"Johnson & Johnson Pharmaceutical Research & Development, L.L.C.",INDUSTRY,True,industry
NCT00293631,POZEN,INDUSTRY,True,industry
NCT03088826,Antonios Likourezos,OTHER,False,individual
NCT00237731,"University Hospital, Toulouse",OTHER,False,academic
NCT05321121,"University of California, Irvine",OTHER,False,academic
NCT01280331,QRxPharma Inc.,INDUSTRY,True,industry
NCT00720330,The Cleveland Clinic,OTHER,False,hospital
NCT04875039,University of Chile,OTHER,False,academic
NCT02460913,University of Monastir,OTHER,False,academic
NCT02985671,Ache Laboratorios Farmaceuticos S.A.,INDUSTRY,True,industry
NCT03071601,Centre Hospitalier le Mans,OTHER,False,hospital
NCT00804973,Eli Lilly and Company,INDUSTRY,True,industry
NCT03062644,Mundipharma Research GmbH & Co KG,INDUSTRY,True,industry
NCT00886002,"Janssen-Cilag A.G., Switzerland",INDUSTRY,True,industry
NCT06602271,Ensysce Biosciences,INDUSTRY,True,industry
NCT02630719,"University of Missouri, Kansas City",OTHER,False,academic
NCT03928015,CommonSpirit Health,OTHER,False,hospital
NCT01070329,Eli Lilly and Company,INDUSTRY,True,industry
NCT00904540,"Endo USA Inc., a Keenova Therapeutics Company",INDUSTRY,True,industry
NCT04651361,E-DA Hospital,OTHER,False,hospital
NCT04271917,University of Tennessee,OTHER,False,academic
NCT00089895,Organon and Co,INDUSTRY,True,industry
NCT00139607,Pfizer,INDUSTRY,True,industry
NCT03224039,The Brooklyn Hospital Center,OTHER,False,hospital
NCT01975753,"University Hospital, Rouen",OTHER,False,academic
NCT07046949,Yuri Semenyuk Rivne Regional Clinical Hospital,OTHER,False,hospital
NCT07624006,"University Hospital, Strasbourg, France",OTHER,False,academic
NCT06384456,"University Health Network, Toronto",OTHER,False,academic
NCT01675778,Albert Einstein College of Medicine,OTHER,False,academic
NCT02000401,"Citrus Valley Medical Research, Inc.",OTHER,True,industry
NCT02324270,Actavis Inc.,INDUSTRY,True,industry
NCT00682955,Aga Khan University,OTHER,False,academic
NCT03944447,"OMNI Medical Services, LLC",NETWORK,False,network
NCT01929044,Boehringer Ingelheim,INDUSTRY,True,industry
NCT00774475,University of Florence,OTHER,False,academic
NCT02665286,Montefiore Medical Center,OTHER,False,hospital
NCT07562945,Aldy Aldy,OTHER,False,individual
NCT05082155,"University of California, San Diego",OTHER,False,academic
NCT05702151,Hospital Clinic of Barcelona,OTHER,False,hospital
NCT03664622,Cairo University,OTHER,False,academic
NCT07676357,The Affiliated Hospital of Qingdao University,OTHER,False,academic
NCT02700815,Boehringer Ingelheim,INDUSTRY,True,industry
NCT07536594,Loma Linda University,OTHER,False,academic
NCT05575700,Naestved Hospital,OTHER,False,hospital
NCT01710345,"Talphera, Inc",INDUSTRY,True,industry
NCT04003506,The University of Hong Kong,OTHER,False,academic
NCT04287803,Ottawa Hospital Research Institute,OTHER,False,hospital
NCT05282706,The University of Texas Health Science Center at San Antonio,OTHER,False,academic
NCT01110382,"Janssen Research & Development, LLC",INDUSTRY,True,industry
NCT04674670,susanne becker,OTHER,False,other
NCT07311369,"Shanghai Yidian Pharmaceutical Technology Development Co., Ltd.",INDUSTRY,True,industry
NCT07225140,"AFT Pharmaceuticals, Ltd.",INDUSTRY,True,industry
NCT01224756,Takeda,INDUSTRY,True,industry
NCT05509868,"Pharmbio Korea Co., Ltd.",INDUSTRY,True,industry
NCT06051227,Academisch Medisch Centrum - Universiteit van Amsterdam (AMC-UvA),OTHER,False,academic
NCT02930122,"Cale Jacobs, PhD",OTHER,False,other
NCT05861791,Chung-Ang University Gwangmyeong Hospital,OTHER,False,academic
NCT01635101,Mallinckrodt,INDUSTRY,True,industry
NCT03403842,IRCCS San Raffaele,OTHER,False,other
NCT00391872,AstraZeneca,INDUSTRY,True,industry
NCT00099788,Gilead Sciences,INDUSTRY,True,industry
NCT07271849,Qianfoshan Hospital,OTHER,False,hospital
NCT04647084,"Steward St. Elizabeth's Medical Center of Boston, Inc.",OTHER,False,hospital
NCT07335913,"Sparian Biosciences, Inc",INDUSTRY,True,industry
NCT02317198,St. Antonius Hospital,OTHER,False,hospital
NCT03307174,"University of California, San Francisco",OTHER,False,academic
NCT05764525,Vivozon Pharmaceutical Inc.,INDUSTRY,True,industry
NCT01528722,University Hospitals Coventry and Warwickshire NHS Trust,OTHER,False,government
NCT07650877,Ankara City Hospital Bilkent,OTHER,False,hospital
NCT00384579,United States Department of Defense,FED,False,government
NCT04037878,Aga Khan University,OTHER,False,academic
NCT00615875,Hamilton Health Sciences Corporation,OTHER,True,industry
NCT03909607,Antonios Likourezos,OTHER,False,individual
NCT00877799,"Cara Therapeutics, Inc.",INDUSTRY,True,industry
NCT04716413,Montefiore Medical Center,OTHER,False,hospital
NCT05793736,University of Cagliari,OTHER,False,academic
NCT05480553,Nobelpharma,INDUSTRY,True,industry
NCT02617199,Hospital General Naval de Alta Especialidad - Escuela Medico Naval,OTHER_GOV,False,government
NCT01920386,"Daewon Pharmaceutical Co., Ltd.",INDUSTRY,True,industry
NCT04837170,Chinese PLA General Hospital,OTHER,False,hospital
NCT06994442,Weill Medical College of Cornell University,OTHER,False,academic
NCT00317512,Biopure Corporation,INDUSTRY,True,industry
NCT03355846,University of Roma La Sapienza,OTHER,False,academic
NCT05770596,Tanta University,OTHER,False,academic
NCT07604376,Matild Keresztes,OTHER,False,individual
NCT05286190,Istanbul University,OTHER,False,academic
NCT06904248,"Yangtze River Pharmaceutical Group Co., Ltd.",INDUSTRY,True,industry
NCT01419405,Oslo University Hospital,OTHER,False,academic
NCT03765658,Grünenthal GmbH,INDUSTRY,True,industry
NCT04582786,Alaxia SAS,INDUSTRY,True,industry
NCT01112540,Akdeniz University,OTHER,False,academic
NCT03933865,"University of California, San Francisco",OTHER,False,academic
NCT01588535,"Arbor Pharmaceuticals, Inc.",INDUSTRY,True,industry
NCT05781685,University of New Mexico,OTHER,False,academic
NCT02239497,Hospital Central Dr. Luis Ortega,OTHER,False,hospital
NCT04917406,University of Seville,OTHER,False,academic
NCT05386121,Cairo University,OTHER,False,academic
NCT00801398,"Endo USA Inc., a Keenova Therapeutics Company",INDUSTRY,True,industry
NCT00699114,Ullevaal University Hospital,OTHER,False,academic
NCT02640053,Academic and Community Cancer Research United,OTHER,False,research_nonprofit
NCT00609466,Grünenthal GmbH,INDUSTRY,True,industry
NCT03151434,Indiana University,OTHER,False,academic
NCT03755700,Rajaie Cardiovascular Medical and Research Center,OTHER,False,research_nonprofit
NCT02346916,Bassett Healthcare,OTHER,False,hospital
NCT03413280,Asan Medical Center,OTHER,False,hospital
NCT00627744,Karolinska Institutet,OTHER,False,academic
NCT04646694,"University Health Network, Toronto",OTHER,False,academic
NCT02841982,Cui Xulei,OTHER,False,individual
NCT00671879,Meda Pharmaceuticals,INDUSTRY,True,industry
NCT07435077,Wake Forest University Health Sciences,OTHER,False,academic
NCT00474721,"University of California, San Diego",OTHER,False,academic
NCT00618423,"University Hospital, Geneva",OTHER,False,academic
NCT05172739,University of Crete,OTHER,False,academic
NCT03950817,Antonios Likourezos,OTHER,False,individual
NCT06562816,Dow University of Health Sciences,OTHER,False,academic
NCT02582307,London Health Sciences Centre Research Institute OR Lawson Research Institute of St. Joseph's,OTHER,False,research_nonprofit
NCT05156060,Natalie Lockney,OTHER,False,individual
NCT01361568,"Cara Therapeutics, Inc.",INDUSTRY,True,industry
NCT00115752,National Institute of Nursing Research (NINR),NIH,False,government
NCT04330183,Rhode Island Hospital,OTHER,False,hospital
NCT07666009,Centre Hospitalier Universitaire Vaudois,OTHER,False,academic
NCT00565760,QRxPharma Inc.,INDUSTRY,True,industry
NCT04178109,KAT General Hospital,OTHER,False,hospital
NCT07270159,Dow University of Health Sciences,OTHER,False,academic
NCT04834427,Chinese PLA General Hospital,OTHER,False,hospital
NCT05243940,Aretaieion University Hospital,OTHER,False,academic
NCT00863980,Kyoto Prefectural University of Medicine,OTHER,False,academic
NCT04947085,Antonios Likourezos,OTHER,False,individual
NCT00730054,Oslo University Hospital,OTHER,False,academic
NCT04666701,EMS,INDUSTRY,True,industry
NCT07068243,Duke University,OTHER,False,academic
NCT06859554,Hafiz Muhammad Hamza,OTHER,False,individual
NCT06180759,"University Hospital, Basel, Switzerland",OTHER,False,academic
NCT07494214,"University Hospital, Basel, Switzerland",OTHER,False,academic
NCT04226690,Yale University,OTHER,False,academic
NCT00139815,GlaxoSmithKline,INDUSTRY,True,industry
NCT04129437,Albert Einstein Healthcare Network,OTHER,False,hospital
NCT05069350,"Research Institute of Ophthalmology, Egypt",OTHER,False,research_nonprofit
NCT07316660,Benha University,OTHER,False,academic
NCT04059978,"University Hospital, Basel, Switzerland",OTHER,False,academic
NCT03478423,"Mount Sinai Hospital, Canada",OTHER,False,hospital
NCT06603662,WellSpan Health,OTHER,False,hospital
NCT02929524,Hospital de Clinicas de Porto Alegre,OTHER,False,hospital
NCT04398316,Hennepin Healthcare Research Institute,OTHER,False,research_nonprofit
NCT00297375,"Johnson & Johnson Pharmaceutical Research & Development, L.L.C.",INDUSTRY,True,industry
NCT07500454,"ISSSTE Hospital Regional ""Gral. Ignacio Zaragoza""",OTHER_GOV,False,government
NCT01339624,Valduce Hospital,OTHER,False,hospital
NCT07109388,Centre Hospitalier Universitaire Vaudois,OTHER,False,academic
NCT04209868,Guy's and St Thomas' NHS Foundation Trust,OTHER,False,government
NCT05117034,Tel-Aviv Sourasky Medical Center,OTHER_GOV,False,government
NCT04061330,"The University of Texas Health Science Center, Houston",OTHER,False,academic
NCT01730326,Pamukkale University,OTHER,False,academic
NCT05074056,St. Louis University,OTHER,False,academic
NCT07504601,National Center for Complementary and Integrative Health (NCCIH),NIH,False,government
NCT01300312,"Eisai Co., Ltd.",INDUSTRY,True,industry
NCT02244437,Mountain Medicine Society of Nepal,OTHER,False,research_nonprofit
NCT06276231,Oman Medical Speciality Board,OTHER_GOV,False,government
NCT01543165,Seoul National University Hospital,OTHER,False,academic
NCT02161484,Rita Merman,OTHER,False,individual
NCT02504008,"Axsome Therapeutics, Inc.",INDUSTRY,True,industry
NCT03080350,Azienda Sanitaria dell'Alto Adige,OTHER,False,other
NCT00680472,"Hisamitsu Pharmaceutical Co., Inc.",INDUSTRY,True,industry
NCT03508167,Ache Laboratorios Farmaceuticos S.A.,INDUSTRY,True,industry
NCT00904098,"Endo USA Inc., a Keenova Therapeutics Company",INDUSTRY,True,industry
NCT01287052,Children's Hospitals and Clinics of Minnesota,OTHER,False,hospital
NCT00834899,"University of North Carolina, Chapel Hill",OTHER,False,academic
NCT00003687,NCIC Clinical Trials Group,NETWORK,False,network
NCT04967118,University of Oulu,OTHER,False,academic
NCT05785689,University of Southern Denmark,OTHER,False,academic
NCT07441421,Beijing Tiantan Hospital,OTHER,False,hospital
NCT01789216,Major Extremity Trauma Research Consortium,OTHER,False,network
NCT00656773,"University Hospital, Toulouse",OTHER,False,academic
NCT02062879,University of Cincinnati,OTHER,False,academic
NCT07102459,Latigo Biotherapeutics,INDUSTRY,True,industry
NCT02887534,Sun Pharma Advanced Research Company Limited,INDUSTRY,True,industry
NCT02271698,Duke University,OTHER,False,academic
NCT01687101,Thomas Jefferson University,OTHER,False,academic
NCT04412694,Medical University of Lodz,OTHER,False,academic
NCT00771758,"Ortho-McNeil Janssen Scientific Affairs, LLC",INDUSTRY,True,industry
NCT05379179,Meghan Spyres,OTHER,False,individual
NCT02728323,Emiliano Petrucci,OTHER,False,individual
NCT00814580,"Ortho-McNeil Janssen Scientific Affairs, LLC",INDUSTRY,True,industry
NCT02767882,The University of Hong Kong,OTHER,False,academic
NCT05974423,The Cooper Health System,OTHER,False,hospital
NCT04858711,Aretaieion University Hospital,OTHER,False,academic
NCT01892709,Montefiore Medical Center,OTHER,False,hospital
NCT07666971,Centre Hospitalier Universitaire Vaudois,OTHER,False,academic
NCT06176222,Kaohsiung Medical University Chung-Ho Memorial Hospital,OTHER,False,academic
NCT01375348,University of Aarhus,OTHER,False,academic
NCT02447848,"Talphera, Inc",INDUSTRY,True,industry
NCT00655291,Xanodyne Pharmaceuticals,INDUSTRY,True,industry
NCT01316744,University of Glasgow,OTHER,False,academic
NCT05515822,Qiang Fu,OTHER,False,individual
NCT01887951,Singapore General Hospital,OTHER,False,hospital
NCT07198412,Benha University,OTHER,False,academic
NCT06131593,Kasr El Aini Hospital,OTHER,False,hospital
NCT03107338,Universidad de Murcia,OTHER,False,academic
NCT05137184,Oslo University Hospital,OTHER,False,academic
NCT04635696,ProMedica Health System,OTHER,False,hospital
NCT07436806,Medipol University,OTHER,False,academic
NCT02619617,Novartis Pharmaceuticals,INDUSTRY,True,industry
NCT00790907,GlaxoSmithKline,INDUSTRY,True,industry
NCT00822224,Centre Hospitalier Universitaire de Nice,OTHER,False,academic
NCT02240602,Seoul National University Hospital,OTHER,False,academic
NCT00880828,Taipei Medical University WanFang Hospital,OTHER,False,academic
NCT05478382,Ajou University School of Medicine,OTHER,False,academic
NCT00450099,"Samuel Lunenfeld Research Institute, Mount Sinai Hospital",OTHER,False,hospital
NCT02089425,"Kowa Research Institute, Inc.",INDUSTRY,True,industry
NCT03798899,Mundipharma SAS,INDUSTRY,True,industry
NCT05374057,"University Hospital, Akershus",OTHER,False,academic
NCT00657449,Pfizer,INDUSTRY,True,industry
NCT03799757,Alexandria University,OTHER,False,academic
NCT00240630,GlaxoSmithKline,INDUSTRY,True,industry
NCT01318187,Pamukkale University,OTHER,False,academic
NCT06258213,"Atom Therapeutics Co., Ltd",INDUSTRY,True,industry
NCT00364806,Montefiore Medical Center,OTHER,False,hospital
NCT00943098,IBSA Institut Biochimique SA,INDUSTRY,True,industry
NCT01825941,Montefiore Medical Center,OTHER,False,hospital
NCT05001555,Laboratorios Silanes S.A. de C.V.,INDUSTRY,True,industry
NCT02519023,University of Minnesota,OTHER,False,academic
NCT05494645,"St. Luke's Hospital, Pennsylvania",OTHER,False,hospital
NCT03165149,Assiut University,OTHER,False,academic
NCT04611529,Montefiore Medical Center,OTHER,False,hospital
NCT06344091,"Jiangsu HengRui Medicine Co., Ltd.",INDUSTRY,True,industry
NCT01685658,Centre Hospitalier Universitaire de Nīmes,OTHER,False,academic
NCT04408794,Pfizer,INDUSTRY,True,industry
NCT01457820,Stephen McSwiggan,OTHER,False,individual
NCT04413799,George Washington University,OTHER,False,academic
NCT05054179,University of British Columbia,OTHER,False,academic
NCT07698665,Cairo University,OTHER,False,academic
NCT01816334,"University Hospital, Grenoble",OTHER,False,academic
NCT05507554,Pakistan Kidney and Liver Institute and Research Center,OTHER,False,research_nonprofit
NCT00374881,"BioLineRx, Ltd.",INDUSTRY,True,industry
NCT03300674,Montefiore Medical Center,OTHER,False,hospital
NCT04827030,Institut Curie,OTHER,False,research_nonprofit
NCT02222246,Duke University,OTHER,False,academic
NCT05054023,University of Monastir,OTHER,False,academic
NCT03464461,University of Missouri-Columbia,OTHER,False,academic
NCT04772781,Apsen Farmaceutica S.A.,INDUSTRY,True,industry
NCT01522417,Medicure,INDUSTRY,True,industry
NCT01979510,Merck Sharp & Dohme LLC,INDUSTRY,True,industry
NCT03529032,Kantonsspital Baden,OTHER,False,individual
NCT00320281,Craig Hospital,OTHER,False,hospital
NCT00226395,"Endo USA Inc., a Keenova Therapeutics Company",INDUSTRY,True,industry
NCT03158376,"University Hospital, Lille",OTHER,False,academic
NCT05721287,"Sparian Biosciences, Inc",INDUSTRY,True,industry
NCT02044341,"Arbor Pharmaceuticals, Inc.",INDUSTRY,True,industry
NCT04139330,Nobelpharma,INDUSTRY,True,industry
NCT06484439,"United States Naval Medical Center, San Diego",FED,False,government
NCT05100706,University of Toronto,OTHER,False,academic
NCT06315920,Oman Medical Speciality Board,OTHER_GOV,False,government
NCT00305110,Montefiore Medical Center,OTHER,False,hospital
NCT07349680,Assiut University,OTHER,False,academic
NCT05553366,Vertex Pharmaceuticals Incorporated,INDUSTRY,True,industry
NCT06926764,Chinese University of Hong Kong,OTHER,False,academic
NCT00874172,Assistance Publique - Hôpitaux de Paris,OTHER,False,government
NCT02341963,Rush University Medical Center,OTHER,False,academic
NCT00580151,"The University of Texas Medical Branch, Galveston",OTHER,False,academic
NCT03107481,Montefiore Medical Center,OTHER,False,hospital
NCT04082715,Second Affiliated Hospital of Wenzhou Medical University,OTHER,False,academic
NCT04854395,Regionshospitalet Silkeborg,OTHER,False,hospital
NCT04002271,The University of Hong Kong,OTHER,False,academic
NCT00330941,The Cleveland Clinic,OTHER,False,hospital
NCT04528173,Children's Hospital of Philadelphia,OTHER,False,hospital
NCT02397603,Cairo University,OTHER,False,academic
NCT02107339,Endeavor Health,OTHER,False,hospital
NCT06968546,Fondation Lenval,OTHER,False,research_nonprofit
NCT05825495,Li-Jen Hsin,OTHER,False,individual
NCT01304134,Mundipharma (China) Pharmaceutical Co. Ltd,INDUSTRY,True,industry
NCT03105765,Dr. Horst Schmidt Klinik GmbH,INDUSTRY,True,industry
NCT03714620,Loyola University,OTHER,False,academic
NCT06273813,Novilla Pharmaceuticals,INDUSTRY,True,industry
NCT02603900,Thomas Jefferson University,OTHER,False,academic
NCT02697071,Carilion Clinic,OTHER,False,hospital
NCT05023278,"University of California, San Francisco",OTHER,False,academic
NCT03554018,Montefiore Medical Center,OTHER,False,hospital
NCT04129086,"The University of Texas Health Science Center, Houston",OTHER,False,academic
NCT02984098,"University of Targu Mures, Romania",OTHER,False,academic
NCT01380197,Children's Healthcare of Atlanta,OTHER,False,hospital
NCT01420653,"AFT Pharmaceuticals, Ltd.",INDUSTRY,True,industry
NCT00877838,Danish Headache Center,OTHER,False,hospital
NCT03951649,University of Alabama at Birmingham,OTHER,False,academic
NCT07249827,McGill University Health Centre/Research Institute of the McGill University Health Centre,OTHER,False,academic
NCT04470089,Megainpharm GmbH,INDUSTRY,True,industry
NCT03657810,"Charleston Laboratories, Inc",INDUSTRY,True,industry
NCT04640376,"Unither Pharmaceuticals, France",INDUSTRY,True,industry
NCT02462811,Joseph Hazelton,INDUSTRY,True,industry
NCT00661635,Pfizer,INDUSTRY,True,industry
NCT01338129,Rabin Medical Center,OTHER,False,hospital
NCT04917055,"University of California, San Diego",OTHER,False,academic
NCT05518877,Summa Health System,OTHER,False,hospital
NCT06721988,Ailin Luo,OTHER,False,individual
NCT01502904,Yonsei University,OTHER,False,academic
NCT07200544,University of Oklahoma,OTHER,False,academic
NCT04252833,"Lotus Clinical Research, LLC",OTHER,True,industry
NCT06087211,"National Cancer Institute, Egypt",OTHER,False,government
NCT04816994,Hadassah Medical Organization,OTHER,False,hospital
NCT01324544,Purdue Pharma LP,INDUSTRY,True,industry
NCT03222518,University of Monastir,OTHER,False,academic
NCT05260008,"Allay Therapeutics, Inc.",INDUSTRY,True,industry
NCT02820324,Trevena Inc.,INDUSTRY,True,industry
NCT02513979,University of Athens,OTHER,False,academic
NCT05848531,Centre Hospitalier Universitaire Saint Pierre,OTHER,False,academic
NCT00614354,"Molecular Targeting Technologies, Inc.",INDUSTRY,True,industry
NCT04012424,Cairo University,OTHER,False,academic
NCT05810116,RDC Clinical Pty Ltd,INDUSTRY,True,industry
NCT00140933,Merck Sharp & Dohme LLC,INDUSTRY,True,industry
NCT02455518,Montefiore Medical Center,OTHER,False,hospital
NCT03173456,Albert Einstein College of Medicine,OTHER,False,academic
NCT06274905,University Hospital Waterford,OTHER,False,academic
NCT01228552,"Behar, Caren, M.D.",INDIV,False,individual
NCT07657468,National University of La Rioja,OTHER,False,academic
NCT02361775,University of Minnesota,OTHER,False,academic
NCT03271151,"Hospital for Special Surgery, New York",OTHER,False,hospital
NCT06005480,Brigham and Women's Hospital,OTHER,False,hospital
NCT07566663,"Xuanwu Hospital, Beijing",OTHER,False,hospital
NCT04052620,GlaxoSmithKline,INDUSTRY,True,industry
NCT06364072,Cessatech A/S,INDUSTRY,True,industry
NCT07412938,"Joincare Pharmaceutical Group Industry Co., Ltd",INDUSTRY,True,industry
NCT00091507,Tufts Medical Center,OTHER,False,hospital
NCT03768024,Grünenthal GmbH,INDUSTRY,True,industry
NCT06395155,"Daehwa Pharmaceutical Co., Ltd.",INDUSTRY,True,industry
NCT01471639,The Cleveland Clinic,OTHER,False,hospital
NCT03714672,Grünenthal GmbH,INDUSTRY,True,industry
NCT01402375,Montefiore Medical Center,OTHER,False,hospital
NCT02985177,St. Justine's Hospital,OTHER,False,hospital
NCT05214690,"Daewon Pharmaceutical Co., Ltd.",INDUSTRY,True,industry
NCT00532883,St. Jude Children's Research Hospital,OTHER,False,hospital
NCT06517823,Laboratorios Silanes S.A. de C.V.,INDUSTRY,True,industry
NCT02417298,Billy Sin,OTHER,False,individual
NCT01356992,Eurofarma Laboratorios S.A.,INDUSTRY,True,industry
NCT03446456,"University of Maryland, Baltimore",OTHER,False,academic
NCT05097976,Rush University Medical Center,OTHER,False,academic
NCT04010266,AppliedVR Inc.,INDUSTRY,True,industry
NCT00006289,National Institute of Nursing Research (NINR),NIH,False,government
NCT03836664,University of Kansas Medical Center,OTHER,False,academic
NCT06569953,The Second Affiliated Hospital of Chongqing Medical University,OTHER,False,academic
NCT06863662,Laboratorios Silanes S.A. de C.V.,INDUSTRY,True,industry
NCT03341832,NVP Healthcare,INDUSTRY,True,industry
NCT06859723,"University of California, Los Angeles",OTHER,False,academic
NCT07438366,South Egypt Cancer Institute,OTHER,False,research_nonprofit
NCT03471507,"Winston Parris, MD",OTHER,False,other
NCT00353067,deCODE genetics,INDUSTRY,True,industry
NCT07053774,Wake Forest University Health Sciences,OTHER,False,academic
NCT00694174,Children's Hospital of Michigan,OTHER,False,hospital
NCT00229567,University of Saskatchewan,OTHER,False,academic
NCT01740492,Rhode Island Hospital,OTHER,False,hospital
NCT03272139,"Hospital for Special Surgery, New York",OTHER,False,hospital
NCT01333722,"AbbVie (prior sponsor, Abbott)",INDUSTRY,True,industry
NCT01626118,"Iroko Pharmaceuticals, LLC",INDUSTRY,True,industry
NCT00403234,Purdue Pharma LP,INDUSTRY,True,industry
NCT00671502,Meda Pharmaceuticals,INDUSTRY,True,industry
NCT00831051,QRxPharma Inc.,INDUSTRY,True,industry
NCT05214677,"Daewon Pharmaceutical Co., Ltd.",INDUSTRY,True,industry
NCT05534945,Ciusss de L'Est de l'Île de Montréal,OTHER,False,hospital
NCT04571515,Mylan Inc.,INDUSTRY,True,industry
NCT02460640,Regina Elena Cancer Institute,OTHER,False,research_nonprofit
NCT06064175,Ankara City Hospital Bilkent,OTHER,False,hospital
NCT07706348,Assiut University,OTHER,False,academic
NCT04244695,Thammasat University,OTHER,False,academic
NCT00538850,INSYS Therapeutics Inc,INDUSTRY,True,industry
NCT01536717,Helsinki University Central Hospital,OTHER,False,academic
NCT06241742,"Halia Therapeutics, Inc.",INDUSTRY,True,industry
NCT00809965,"Johnson & Johnson Pharmaceutical Research & Development, L.L.C.",INDUSTRY,True,industry
NCT01591382,Brigham and Women's Hospital,OTHER,False,hospital
NCT00088686,National Institute of Dental and Craniofacial Research (NIDCR),NIH,False,government
NCT07353983,"Second Affiliated Hospital, School of Medicine, Zhejiang University",OTHER,False,academic
NCT03003000,Boehringer Ingelheim,INDUSTRY,True,industry
NCT05204667,Aziende Chimiche Riunite Angelini Francesco S.p.A,INDUSTRY,True,industry
NCT01708915,Boehringer Ingelheim,INDUSTRY,True,industry
NCT06630858,Ondokuz Mayıs University,OTHER,False,academic
NCT05118399,The University of Hong Kong,OTHER,False,academic
NCT04169256,Fruithy Medical Pty Ltd,INDUSTRY,True,industry
NCT05080985,Istanbul University,OTHER,False,academic
NCT00942448,IBSA Institut Biochimique SA,INDUSTRY,True,industry
NCT05375916,University of Alberta,OTHER,False,academic
NCT05004636,Wayne State University,OTHER,False,academic
NCT04005755,"AFT Pharmaceuticals, Ltd.",INDUSTRY,True,industry
NCT04327063,Institut Curie,OTHER,False,research_nonprofit
NCT04042545,Tetra Bio-Pharma,INDUSTRY,True,industry
NCT05565664,Cairo University,OTHER,False,academic
NCT05091905,"University of California, San Diego",OTHER,False,academic
NCT07164677,Ondokuz Mayıs University,OTHER,False,academic
NCT01429298,Montefiore Medical Center,OTHER,False,hospital
NCT07469826,Jinnah Postgraduate Medical Centre,OTHER_GOV,False,government
NCT03583658,Sanofi,INDUSTRY,True,industry
NCT05631769,Seoul National University Hospital,OTHER,False,academic
NCT05611749,Scripps Health,OTHER,False,hospital
NCT03525509,simon.haroutounian,OTHER,False,other
NCT00935311,"AbbVie (prior sponsor, Abbott)",INDUSTRY,True,industry
NCT05779059,Collegium Medicum w Bydgoszczy,OTHER,False,other
NCT02662556,"Talphera, Inc",INDUSTRY,True,industry
NCT06381401,Cairo University,OTHER,False,academic
NCT06001112,Guangdong Provincial Hospital of Traditional Chinese Medicine,OTHER,False,hospital
NCT04005209,Duke University,OTHER,False,academic
NCT00955994,Mayo Clinic,OTHER,False,hospital
NCT02947243,St. Justine's Hospital,OTHER,False,hospital
NCT05560230,University of Aarhus,OTHER,False,academic
NCT02508935,Mallinckrodt,INDUSTRY,True,industry
NCT04860804,Antonios Likourezos,OTHER,False,individual
NCT06008795,University of Florida,OTHER,False,academic
NCT00409578,Novartis,INDUSTRY,True,industry
NCT01506453,St. Jude Children's Research Hospital,OTHER,False,hospital
NCT04906889,The Catholic University of Korea,OTHER,False,academic
NCT03137030,Grünenthal GmbH,INDUSTRY,True,industry
NCT05630222,Isfahan University of Medical Sciences,OTHER,False,academic
NCT06408519,Bruno Minotti,OTHER,False,individual
NCT02297412,Academic and Community Cancer Research United,OTHER,False,research_nonprofit
NCT04694300,"Hersh, Elliot V., DMD, MS, PhD",INDIV,False,individual
NCT02032290,Azienda Policlinico Umberto I,OTHER,False,other
NCT01539538,"Talphera, Inc",INDUSTRY,True,industry
NCT04787198,Aalborg University,OTHER,False,academic
NCT06077487,"Brian Anderson, MD",OTHER,False,other
NCT07099924,Asklepios Kliniken Hamburg GmbH,OTHER,False,hospital
NCT07361796,Beijing Tiantan Hospital,OTHER,False,hospital
NCT05323175,Stony Brook University,OTHER,False,academic
NCT07606911,Shanghai Jiao Tong University Affiliated Sixth People's Hospital,OTHER,False,academic
NCT03896230,Hackensack Meridian Health,OTHER,False,hospital
NCT06960317,"University of California, San Diego",OTHER,False,academic
NCT04280263,Rothman Institute Orthopaedics,OTHER,False,research_nonprofit
NCT04033471,Assiut University,OTHER,False,academic
NCT02856087,Seoul National University Hospital,OTHER,False,academic
NCT01017380,Prince of Songkla University,OTHER,False,academic
NCT06974656,Cairo University,OTHER,False,academic
NCT02432677,Hospital de Clinicas de Porto Alegre,OTHER,False,hospital
NCT03005548,"Military Medical Academy, Belgrade, Serbia",OTHER,False,government
NCT06011746,Tanta University,OTHER,False,academic
NCT02785003,Medical College of Wisconsin,OTHER,False,academic
NCT03862391,Sakarya University,OTHER,False,academic
NCT03553498,Albert Einstein College of Medicine,OTHER,False,academic
NCT02395653,The Medicines Company,INDUSTRY,True,industry
NCT03523832,Fakultas Kedokteran Universitas Indonesia,OTHER,False,academic
NCT02678117,"National Cancer Institute, Egypt",OTHER,False,government
NCT04726878,Medical University of Lublin,OTHER,False,academic
NCT02646124,Montefiore Medical Center,OTHER,False,hospital
NCT02773472,The University of Hong Kong,OTHER,False,academic
NCT02074007,"Arbor Pharmaceuticals, Inc.",INDUSTRY,True,industry
NCT04251819,University of Alabama at Birmingham,OTHER,False,academic
NCT05013567,Brainfarma Industria Química e Farmacêutica S/A,INDUSTRY,True,industry
NCT00721110,The Cleveland Clinic,OTHER,False,hospital
NCT04236908,David Moss,FED,False,government
NCT02300311,Boehringer Ingelheim,INDUSTRY,True,industry
NCT03790020,Fatih Sultan Mehmet Training and Research Hospital,OTHER,False,hospital
NCT02198378,"University Hospital, Toulouse",OTHER,False,academic
NCT06406829,Beijing Tiantan Hospital,OTHER,False,hospital
NCT00411307,"Alza Corporation, DE, USA",INDUSTRY,True,industry
NCT02116790,Northwestern University,OTHER,False,academic
NCT04669145,Ochsner Health System,OTHER,False,hospital
NCT03246971,iX Biopharma Ltd.,OTHER,True,industry
NCT05096468,Beijing Tiantan Hospital,OTHER,False,hospital
NCT00402792,Abbott,INDUSTRY,True,industry
NCT07211399,Jacques E. Chelly,OTHER,False,other
NCT05222724,Aziende Chimiche Riunite Angelini Francesco S.p.A,INDUSTRY,True,industry
NCT01756651,"Richard C Reznichek, MD",OTHER,False,other
NCT04082975,NVP Healthcare,INDUSTRY,True,industry
NCT00886236,Medical University of South Carolina,OTHER,False,academic
NCT05670561,The Second Affiliated Hospital of Chongqing Medical University,OTHER,False,academic
NCT02287350,Depomed,INDUSTRY,True,industry
NCT07610408,Ankara Etlik City Hospital,OTHER_GOV,False,government
NCT04767542,Bakirkoy Dr. Sadi Konuk Research and Training Hospital,OTHER_GOV,False,government
NCT02221674,Grünenthal GmbH,INDUSTRY,True,industry
NCT03137017,Grünenthal GmbH,INDUSTRY,True,industry
NCT03756038,Maria Pacella,OTHER,False,individual
NCT00869063,Cerimon Pharmaceuticals,INDUSTRY,True,industry
NCT01211145,AstraZeneca,INDUSTRY,True,industry
NCT00931866,Cerimon Pharmaceuticals,INDUSTRY,True,industry
NCT02229539,Alliance for Clinical Trials in Oncology,OTHER,False,research_nonprofit
NCT04441762,Oman Medical Speciality Board,OTHER_GOV,False,government
NCT04860713,Antonios Likourezos,OTHER,False,individual
NCT00968955,Hvidovre University Hospital,OTHER,False,academic
NCT01490931,"Hersh, Elliot V., DMD, MS, PhD",INDIV,False,individual
NCT04682860,Ankara City Hospital Bilkent,OTHER,False,hospital
NCT01544062,University of Washington,OTHER,False,academic
NCT06381063,"Centre Hospitalier Universitaire, Amiens",OTHER,False,academic
NCT04026022,Medical University of Graz,OTHER,False,academic
NCT03243006,University of Monastir,OTHER,False,academic
NCT05913284,Chinese University of Hong Kong,OTHER,False,academic
NCT03429140,"Cale Jacobs, PhD",OTHER,False,other
NCT02697240,University of Mississippi Medical Center,OTHER,False,academic
NCT05651633,UMC Utrecht,OTHER,False,hospital
NCT02729207,"Teikoku Seiyaku Co., Ltd.",INDUSTRY,True,industry
NCT01629329,Albert Einstein Healthcare Network,OTHER,False,hospital
NCT03431285,Imam Abdulrahman Bin Faisal University,OTHER,False,academic
NCT05233683,King Saud University,OTHER,False,academic
NCT05653401,University of Monastir,OTHER,False,academic
NCT03868436,"Purdue Pharma, Canada",INDUSTRY,True,industry
NCT00202878,Organon and Co,INDUSTRY,True,industry
NCT02083315,Trevena Inc.,INDUSTRY,True,industry
NCT06448923,Centre Integre Universitaire de Sante et Services Sociaux du Nord de l'ile de Montreal,OTHER,False,academic
NCT01755520,Deutsches Herzzentrum Muenchen,OTHER,False,hospital
NCT05095025,University College Cork,OTHER,False,academic
NCT03780556,Ain Shams University,OTHER,False,academic
NCT04932083,Benha University,OTHER,False,academic
NCT04475198,"SiteOne Therapeutics, Inc.",INDUSTRY,True,industry
NCT04522206,NYU Langone Health,OTHER,False,hospital
NCT02434939,Makerere University,OTHER,False,academic
NCT00448110,Javelin Pharmaceuticals,INDUSTRY,True,industry
NCT03017248,"Faculty of Medicine, Sousse",OTHER,False,academic
NCT01462435,"Iroko Pharmaceuticals, LLC",INDUSTRY,True,industry
NCT07145346,"University of California, Irvine",OTHER,False,academic
NCT05967442,Wake Forest University Health Sciences,OTHER,False,academic
NCT01359098,Otic Pharma,INDUSTRY,True,industry
NCT06534801,Jianbo Wu,OTHER,False,individual
NCT03886896,Medical University of Warsaw,OTHER,False,academic
NCT00210509,Janssen-Ortho LLC,INDUSTRY,True,industry
NCT01703351,Yonsei University,OTHER,False,academic
NCT05158647,"Abdelrady S Ibrahim, MD",OTHER,False,other
NCT01843660,Xian-Janssen Pharmaceutical Ltd.,INDUSTRY,True,industry
NCT05170841,Menarini International Operations Luxembourg SA,INDUSTRY,True,industry
NCT05096494,"Scilex Pharmaceuticals, Inc.",INDUSTRY,True,industry
NCT01789476,"Cara Therapeutics, Inc.",INDUSTRY,True,industry
NCT00390039,Javelin Pharmaceuticals,INDUSTRY,True,industry
NCT03704623,Mansoura University,OTHER,False,academic
NCT03672097,"Daiichi Sankyo Taiwan Ltd., a Daiichi Sankyo Company",INDUSTRY,True,industry
NCT06130384,Wills Eye,OTHER,False,individual
NCT00750633,Alcon Research,INDUSTRY,True,industry
NCT00352651,"University of California, San Francisco",OTHER,False,academic
NCT06354478,"National Cancer Institute, Egypt",OTHER,False,government
NCT02200185,University of Monastir,OTHER,False,academic
NCT00232492,Ullevaal University Hospital,OTHER,False,academic
NCT01544959,Université de Sherbrooke,OTHER,False,academic
NCT07023497,University of Ioannina,OTHER,False,academic
NCT00792181,Sahlgrenska University Hospital,OTHER,False,academic
NCT05150795,Ain Shams University,OTHER,False,academic
NCT00885586,Dominik Irnich,OTHER,False,individual
NCT01900847,University of Arizona,OTHER,False,academic
NCT03080363,Ataturk University,OTHER,False,academic
NCT07665762,The University of Hong Kong,OTHER,False,academic
NCT05579223,"Xinhua Hospital, Shanghai Jiao Tong University School of Medicine",OTHER,False,academic
NCT01821833,New Mexico Cancer Research Alliance,OTHER,False,research_nonprofit
NCT04782310,Cairo University,OTHER,False,academic
NCT03120962,"Second Affiliated Hospital, School of Medicine, Zhejiang University",OTHER,False,academic
NCT03877718,"Charleston Laboratories, Inc",INDUSTRY,True,industry
NCT04718116,Aretaieion University Hospital,OTHER,False,academic
NCT02290080,Karolinska Institutet,OTHER,False,academic
NCT02902770,Antonios Likourezos,OTHER,False,individual
NCT03985995,"University Hospital, Basel, Switzerland",OTHER,False,academic
NCT07409753,Wake Forest University Health Sciences,OTHER,False,academic
NCT01016808,QRxPharma Inc.,INDUSTRY,True,industry
NCT04630834,New York City Health and Hospitals Corporation,OTHER,True,industry
NCT05089526,Aretaieion University Hospital,OTHER,False,academic
NCT03670810,Eli Lilly and Company,INDUSTRY,True,industry
NCT05641363,Hamilton Health Sciences Corporation,OTHER,True,industry
NCT07595302,Montefiore Medical Center,OTHER,False,hospital
NCT03481517,National Taiwan University Hospital,OTHER,False,academic
NCT03597776,The University of Hong Kong,OTHER,False,academic
NCT06423859,Benha University,OTHER,False,academic
NCT07024199,Medical University of Warsaw,OTHER,False,academic
NCT05759364,Western Galilee Hospital-Nahariya,OTHER_GOV,False,government
NCT04614610,"Community Medical Center, Toms River, NJ",OTHER,False,hospital
NCT00402987,Pfizer's Upjohn has merged with Mylan to form Viatris Inc.,INDUSTRY,True,industry
NCT05567822,Aretaieion University Hospital,OTHER,False,academic
NCT03187080,"University of Wisconsin, Madison",OTHER,False,academic
NCT00195910,Montefiore Medical Center,OTHER,False,hospital
NCT06653608,Pakistan Institute of Medical Sciences,OTHER_GOV,False,government
NCT06629402,Ensysce Biosciences,INDUSTRY,True,industry
NCT05069311,Udayana University,OTHER,False,academic
NCT03280017,Mahidol University,OTHER,False,academic
NCT01622335,The Cleveland Clinic,OTHER,False,hospital
NCT04794205,Hartford Hospital,OTHER,False,hospital
NCT03379987,Assiut University,OTHER,False,academic
NCT04855240,ACADIA Pharmaceuticals Inc.,INDUSTRY,True,industry
NCT06853041,Centre Hospitalier Universitaire de Nice,OTHER,False,academic
NCT05121168,"University of California, San Diego",OTHER,False,academic
NCT03080324,Azienda Sanitaria dell'Alto Adige,OTHER,False,other
NCT05653024,Philippe Bégin,OTHER,False,individual
NCT00210561,"Johnson & Johnson Pharmaceutical Research & Development, L.L.C.",INDUSTRY,True,industry
NCT04111315,"Insel Gruppe AG, University Hospital Bern",OTHER,False,academic
NCT01762306,Mahidol University,OTHER,False,academic
NCT04339023,"University Hospital, Basel, Switzerland",OTHER,False,academic
NCT05717361,Evangelismos Hospital,OTHER,False,hospital
NCT05406752,"Unither Pharmaceuticals, France",INDUSTRY,True,industry
NCT00335452,Sanofi,INDUSTRY,True,industry
NCT07330479,University of Gaziantep,OTHER,False,academic
NCT00650039,Pfizer,INDUSTRY,True,industry
NCT03428503,Pamukkale University,OTHER,False,academic
NCT06158620,University of Texas Southwestern Medical Center,OTHER,False,academic
NCT05398757,Osijek University Hospital,OTHER,False,academic
NCT04019093,University of Florida,OTHER,False,academic
NCT01667679,Avanir Pharmaceuticals,INDUSTRY,True,industry
NCT07386288,Ataturk University,OTHER,False,academic
NCT03571737,East Carolina University,OTHER,False,academic
NCT03975296,Cui Xulei,OTHER,False,individual
NCT05924412,University of Chile,OTHER,False,academic
NCT03971708,University of Alberta,OTHER,False,academic
NCT01281501,Chulalongkorn University,OTHER,False,academic
NCT01223053,"Imprimis Pharmaceuticals, Inc.",INDUSTRY,True,industry
NCT06344403,Beijing Tiantan Hospital,OTHER,False,hospital
NCT02656875,Trevena Inc.,INDUSTRY,True,industry
NCT04414917,"Rutgers, The State University of New Jersey",OTHER,False,academic
NCT07480135,Vrije Universiteit Brussel,OTHER,False,academic
NCT03206749,Vertex Pharmaceuticals Incorporated,INDUSTRY,True,industry
NCT04100590,New York State Psychiatric Institute,OTHER,False,research_nonprofit
NCT00679146,Sanofi,INDUSTRY,True,industry
NCT01012999,University of Utah,OTHER,False,academic
NCT05598307,Aretaieion University Hospital,OTHER,False,academic
NCT02815709,Trevena Inc.,INDUSTRY,True,industry
NCT03852459,"Aponia Laboratories, Inc.",INDUSTRY,True,industry
NCT05465226,University of Tennessee,OTHER,False,academic
NCT02314351,Kocaeli University,OTHER,False,academic
NCT06046105,Ain Shams University,OTHER,False,academic
NCT02620631,Stony Brook University,OTHER,False,academic
NCT00990418,"Alza Corporation, DE, USA",INDUSTRY,True,industry
NCT03959852,Mercy Health Ohio,OTHER,False,hospital
NCT05446727,Jagiellonian University,OTHER,False,academic
NCT01420159,Medical Developments International Limited,INDUSTRY,True,industry
NCT01210352,"Endo USA Inc., a Keenova Therapeutics Company",INDUSTRY,True,industry
NCT00470509,"University Hospital, Geneva",OTHER,False,academic
NCT02778880,"Children's Hospital Medical Center, Cincinnati",OTHER,False,hospital
NCT01479556,Julian Taylor Green,OTHER,False,individual
NCT00935116,Hospital Padre Hurtado,OTHER,False,hospital
NCT06914206,Beijing Tiantan Hospital,OTHER,False,hospital
NCT05087914,Northwestern University,OTHER,False,academic
NCT04160520,East Carolina University,OTHER,False,academic
NCT04199572,Hamad Medical Corporation,INDUSTRY,True,industry
NCT05658575,"Olatec Therapeutics, Inc.",INDUSTRY,True,industry
NCT07445737,Assistance Publique - Hôpitaux de Paris,OTHER,False,government
NCT05502159,Medipol University,OTHER,False,academic
NCT03472339,Hamad Medical Corporation,INDUSTRY,True,industry
NCT07684742,Gyeongsang National University Hospital,OTHER,False,academic
NCT02152410,University of Monastir,OTHER,False,academic
NCT05172570,Indiana University,OTHER,False,academic
NCT02732262,Seoul National University Hospital,OTHER,False,academic
NCT02645474,Ospedale Regionale Bellinzona e Valli,OTHER,False,hospital
NCT01872910,Eli Lilly and Company,INDUSTRY,True,industry
NCT00210483,Janssen-Ortho LLC,INDUSTRY,True,industry
NCT02462577,Assiut University,OTHER,False,academic
NCT07629713,Kocaeli University,OTHER,False,academic
NCT05091138,Wayne State University,OTHER,False,academic
NCT01890902,"Imprimis Pharmaceuticals, Inc.",INDUSTRY,True,industry
NCT00666393,"Alza Corporation, DE, USA",INDUSTRY,True,industry
NCT06707532,"4th Military Clinical Hospital with Polyclinic, Poland",OTHER,False,government
NCT00504283,Dartmouth-Hitchcock Medical Center,OTHER,False,hospital
NCT01191918,Shanghai Mental Health Center,OTHER,False,hospital
NCT03116737,Lachlan Pharma Holdings,INDUSTRY,True,industry
NCT02095366,"University Hospital, Grenoble",OTHER,False,academic
NCT02602483,Spherium Biomed,INDUSTRY,True,industry
NCT01156142,Alliance for Clinical Trials in Oncology,OTHER,False,research_nonprofit
NCT00317447,Kaiser Permanente,OTHER,False,hospital
NCT02268058,McMaster Children's Hospital,OTHER,False,hospital
NCT04037085,"Grace Lim, MD, MS",OTHER,False,other
NCT03802565,"Neurana Pharmaceuticals, Inc.",INDUSTRY,True,industry
NCT02138409,INSYS Therapeutics Inc,INDUSTRY,True,industry
NCT03477851,Medical University of Warsaw,OTHER,False,academic
NCT05994287,"Federal State Budgetary Organization, Federal Center for Traumatology, Orthopedics and Arthroplasty",OTHER,False,government
NCT06307106,Zagazig University,OTHER_GOV,False,government
NCT00384371,United States Department of Defense,FED,False,government
NCT06974019,"University of California, San Diego",OTHER,False,academic
NCT02094963,Seung-Jung Park,OTHER,False,individual
NCT00836082,Pfizer,INDUSTRY,True,industry
NCT02982161,Mundipharma Research GmbH & Co KG,INDUSTRY,True,industry
NCT05756504,Hayatabad Medical Complex,OTHER_GOV,False,government
NCT06660875,Ankara Etlik City Hospital,OTHER_GOV,False,government
NCT03441269,Antonios Likourezos,OTHER,False,individual
NCT00093158,The Medicines Company,INDUSTRY,True,industry
NCT07678385,Hospital Universitario de Caracas,OTHER,False,academic
NCT04000165,National Institutes of Health Clinical Center (CC),NIH,False,government
NCT02862769,London Health Sciences Centre Research Institute OR Lawson Research Institute of St. Joseph's,OTHER,False,research_nonprofit
NCT04123873,Naestved Hospital,OTHER,False,hospital
NCT06868589,Lahey Clinic,OTHER,False,hospital
NCT00008476,National Institute of Dental and Craniofacial Research (NIDCR),NIH,False,government
NCT00601458,Merck Sharp & Dohme LLC,INDUSTRY,True,industry
NCT02782169,University of Hawaii,OTHER,False,academic
NCT02925923,University of Alabama at Birmingham,OTHER,False,academic
NCT06160778,University of Calgary,OTHER,False,academic
NCT04790812,"The University of Texas Health Science Center, Houston",OTHER,False,academic
NCT04484610,Centre for Addiction and Mental Health,OTHER,False,hospital
NCT05317312,"Mylan Specialty, LP",INDUSTRY,True,industry
NCT04414800,Isfahan University of Medical Sciences,OTHER,False,academic
NCT02679339,Centrexion Therapeutics,INDUSTRY,True,industry
NCT03836807,Dompé Farmaceutici S.p.A,INDUSTRY,True,industry
NCT01927640,Cedars-Sinai Medical Center,OTHER,False,hospital
NCT06530563,Xiangya Hospital of Central South University,OTHER,False,academic
NCT00240617,GlaxoSmithKline,INDUSTRY,True,industry
NCT05324059,Laboratorios Silanes S.A. de C.V.,INDUSTRY,True,industry
NCT04871061,Cigli Regional Training Hospital,OTHER,False,hospital
NCT00903994,APR Applied Pharma Research s.a.,OTHER,True,industry
NCT02430818,Washington University School of Medicine,OTHER,False,academic
NCT02662764,"Talphera, Inc",INDUSTRY,True,industry
NCT04941976,Aziende Chimiche Riunite Angelini Francesco S.p.A,INDUSTRY,True,industry
NCT04313335,Beijing Tiantan Hospital,OTHER,False,hospital
NCT01248468,Novartis,INDUSTRY,True,industry
NCT04412642,Sunnybrook Health Sciences Centre,OTHER,False,hospital
NCT03541980,Newark Beth Israel Medical Center,OTHER,False,hospital
NCT03420911,Derince Training and Research Hospital,OTHER,False,hospital
NCT03859635,Indiana University,OTHER,False,academic
NCT04259645,Anna Uskova,OTHER,False,individual
NCT05681507,Eric Albrecht,OTHER,False,individual
NCT00825370,Montefiore Medical Center,OTHER,False,hospital
NCT03005171,Assiut University,OTHER,False,academic
NCT02352402,J.M. ten Berg,OTHER,False,other
NCT05929339,Wake Forest University Health Sciences,OTHER,False,academic
NCT02123979,East Carolina University,OTHER,False,academic
NCT05186467,Sohag University,OTHER,False,academic
NCT02271854,Novartis,INDUSTRY,True,industry
NCT03893175,University of Pennsylvania,OTHER,False,academic
NCT00026819,National Institute of Dental and Craniofacial Research (NIDCR),NIH,False,government
NCT07225634,"AFT Pharmaceuticals, Ltd.",INDUSTRY,True,industry
NCT00649610,Pfizer,INDUSTRY,True,industry
NCT04269993,Brown University,OTHER,False,academic
NCT00419471,Chonnam National University Hospital,OTHER,False,academic
NCT07287657,Buddhist Tzu Chi General Hospital,OTHER,False,hospital
NCT07048522,University of Ioannina,OTHER,False,academic
NCT00305058,Montefiore Medical Center,OTHER,False,hospital
NCT05399459,Pfizer,INDUSTRY,True,industry
NCT03426137,"University of Maryland, Baltimore",OTHER,False,academic
NCT00516009,Ziv Hospital,OTHER_GOV,False,government
NCT02417506,Vedic Lifesciences Pvt. Ltd.,INDUSTRY,True,industry
NCT01522534,Centre Hospitalier Annecy Genevois,OTHER,False,hospital
NCT04996979,Singapore General Hospital,OTHER,False,hospital
NCT05700214,Jagiellonian University,OTHER,False,academic
NCT02653651,University Tunis El Manar,OTHER,False,academic
NCT00349024,Children's Cancer and Leukaemia Group,OTHER,False,research_nonprofit
NCT07511816,Eli Lilly and Company,INDUSTRY,True,industry
NCT02263222,Medtronic Spinal and Biologics,INDUSTRY,True,industry
NCT04133623,IRCCS Burlo Garofolo,OTHER,False,other
NCT05661253,Zagazig University,OTHER_GOV,False,government
NCT05229965,University of Monastir,OTHER,False,academic
NCT05626140,Pakistan Institute of Medical Sciences,OTHER_GOV,False,government
NCT04849455,"University of California, San Diego",OTHER,False,academic
NCT02173418,Odense University Hospital,OTHER,False,academic
NCT02687451,"Endo USA Inc., a Keenova Therapeutics Company",INDUSTRY,True,industry
NCT01356745,"University Hospital, Toulouse",OTHER,False,academic
NCT03509740,Cairo University,OTHER,False,academic
NCT05995912,Laboratorios Liomont,INDUSTRY,True,industry
NCT02540512,Loma Linda University,OTHER,False,academic
NCT02817477,Tel Aviv Medical Center,OTHER,False,hospital
NCT03493191,Atridia Pty Ltd.,INDUSTRY,True,industry
NCT04609254,Pamukkale University,OTHER,False,academic
NCT05608733,Universidad de Antioquia,OTHER,False,academic
NCT03585374,Mundipharma Pharmaceuticals srl,INDUSTRY,True,industry
NCT00892203,Novartis,INDUSTRY,True,industry
NCT04388111,The Methodist Hospital Research Institute,OTHER,False,hospital
NCT06798662,Xiaguang Duan,OTHER,False,individual
NCT06774274,Universidad de Antioquia,OTHER,False,academic
NCT03421275,"Anna Meuronen, MD",OTHER,False,other
NCT04452344,"Rutgers, The State University of New Jersey",OTHER,False,academic
NCT02777970,Menarini Group,INDUSTRY,True,industry
NCT03554772,Dr. Reddy's Laboratories Limited,INDUSTRY,True,industry
NCT03323528,Medice Arzneimittel Pütter GmbH & Co KG,INDUSTRY,True,industry
NCT02070679,Urmia University of Medical Sciences,OTHER,False,academic
NCT04808544,E-DA Hospital,OTHER,False,hospital
NCT04565600,Guangdong Provincial People's Hospital,OTHER,False,hospital
NCT05679453,Kutahya Health Sciences University,OTHER,False,academic
NCT02100748,Trevena Inc.,INDUSTRY,True,industry
NCT07171125,Min Li,OTHER,False,individual
NCT03436121,Maria Pacella,OTHER,False,individual
NCT01813890,Janssen-Cilag International NV,INDUSTRY,True,industry
NCT02412917,"ContraVir Pharmaceuticals, Inc.",INDUSTRY,True,industry
NCT04593329,EMS,INDUSTRY,True,industry
NCT00810121,Sanofi,INDUSTRY,True,industry
NCT00671320,Pfizer,INDUSTRY,True,industry
NCT04671082,"Neurana Pharmaceuticals, Inc.",INDUSTRY,True,industry
NCT00726388,Pfizer,INDUSTRY,True,industry
NCT03051503,South Egypt Cancer Institute,OTHER,False,research_nonprofit
NCT01726920,Ache Laboratorios Farmaceuticos S.A.,INDUSTRY,True,industry
NCT03632161,Assiut University,OTHER,False,academic
NCT06863064,Kaohsiung Medical University Chung-Ho Memorial Hospital,OTHER,False,academic
NCT00446797,Pfizer's Upjohn has merged with Mylan to form Viatris Inc.,INDUSTRY,True,industry
NCT03511833,Tel-Aviv Sourasky Medical Center,OTHER_GOV,False,government
NCT01129934,Tel-Aviv Sourasky Medical Center,OTHER_GOV,False,government
NCT03214536,"University Hospital, Antwerp",OTHER,False,academic
NCT04887480,Sanford Health,OTHER,False,hospital
NCT07164664,Ondokuz Mayıs University,OTHER,False,academic
NCT04668456,Menoufia University,OTHER,False,academic
NCT04218396,University of Calgary,OTHER,False,academic
NCT03587584,University of Minnesota,OTHER,False,academic
NCT04208542,Yonsei University,OTHER,False,academic
NCT02493231,Hallym University Kangnam Sacred Heart Hospital,OTHER,False,academic
NCT02703415,Assiut University,OTHER,False,academic
NCT04122443,Montefiore Medical Center,OTHER,False,hospital
NCT03924791,C.L.A.Vleggeert-Lankamp,OTHER,False,other
NCT03414593,Asan Medical Center,OTHER,False,hospital
NCT06264739,Aydin Adnan Menderes University,OTHER,False,academic
NCT02037893,Currax Pharmaceuticals,INDUSTRY,True,industry
NCT04977336,Vertex Pharmaceuticals Incorporated,INDUSTRY,True,industry
NCT07344246,Beijing Tiantan Hospital,OTHER,False,hospital
NCT05565235,Cairo University,OTHER,False,academic
NCT00404222,Abbott,INDUSTRY,True,industry
NCT01435577,Grünenthal GmbH,INDUSTRY,True,industry
NCT04812860,"Jiangsu HengRui Medicine Co., Ltd.",INDUSTRY,True,industry
NCT03588689,University of Saskatchewan,OTHER,False,academic
NCT04019834,University of Alabama at Birmingham,OTHER,False,academic
NCT00952068,Labopharm Inc.,INDUSTRY,True,industry
NCT03127592,Apsen Farmaceutica S.A.,INDUSTRY,True,industry
NCT00869180,Cerimon Pharmaceuticals,INDUSTRY,True,industry
NCT01151696,"University Hospital, Toulouse",OTHER,False,academic
NCT02424578,"Iroko Pharmaceuticals, LLC",INDUSTRY,True,industry
NCT01245725,Medicure,INDUSTRY,True,industry
NCT00243308,Viron Therapeutics Inc,INDUSTRY,True,industry
NCT07292324,Udayana University,OTHER,False,academic
NCT06215989,Beijing Anzhen Hospital,OTHER,False,hospital
NCT05266040,"University of California, San Francisco",OTHER,False,academic
NCT03108482,"Esteve Pharmaceuticals, S.A.",INDUSTRY,True,industry
NCT00553605,Pfizer,INDUSTRY,True,industry
NCT00819988,Ottawa Hospital Research Institute,OTHER,False,hospital
NCT06410911,Sohag University,OTHER,False,academic
NCT05657704,Fundación de Investigación Biomédica - Hospital Universitario de La Princesa,OTHER,False,academic
NCT05283434,Children's Hospitals and Clinics of Minnesota,OTHER,False,hospital
NCT06233643,The Third Affiliated Hospital of Beijing University of Chinese Medicine,OTHER,False,academic
NCT04754451,BON WOOK KOO,OTHER,False,other
NCT04996524,Meir Medical Center,OTHER,False,hospital
NCT05834023,Hospital de San Carlos Dr. Benicio Arzola Medina,OTHER,False,hospital
NCT00806247,"Johnson & Johnson Pharmaceutical Research & Development, L.L.C.",INDUSTRY,True,industry
NCT02541396,iX Biopharma Ltd.,OTHER,True,industry
NCT04223219,Mansoura University,OTHER,False,academic
NCT03256903,Mundipharma Pharmaceuticals S.L.,INDUSTRY,True,industry
NCT01904149,Menarini Group,INDUSTRY,True,industry
NCT00894790,Pfizer's Upjohn has merged with Mylan to form Viatris Inc.,INDUSTRY,True,industry
NCT01731184,Centre Hospitalier de Cornouaille,OTHER,False,hospital
NCT00325312,Forschungsinstitut für Balneologie und Kurortwissenschaft Bad Elster,OTHER_GOV,False,government
NCT06784882,"University of California, San Diego",OTHER,False,academic
NCT02489630,Carilion Clinic,OTHER,False,hospital
NCT02520297,Trevena Inc.,INDUSTRY,True,industry
NCT02976337,mads u werner,OTHER,False,other
NCT00144274,Boehringer Ingelheim,INDUSTRY,True,industry
NCT05572190,"Elysium Therapeutics, Inc.",INDUSTRY,True,industry
NCT02969733,"University Hospital, Lille",OTHER,False,academic
NCT04718025,Collegium Medicum w Bydgoszczy,OTHER,False,other
NCT07515885,Dexiong Han,OTHER_GOV,False,government
NCT04110119,Medipol University,OTHER,False,academic
NCT04539249,Olakunle Ifeoluwa Makinde,OTHER_GOV,False,government
NCT02856750,Denver Health and Hospital Authority,OTHER,False,hospital
NCT01335724,Novartis,INDUSTRY,True,industry
NCT04763876,William Beaumont Army Medical Center,FED,False,government
NCT03063359,"University Hospital, Montpellier",OTHER,False,academic
NCT03996564,San Antonio Military Medical Center,FED,False,government
NCT01276977,California Medical Clinic for Headache,OTHER,False,hospital
NCT00693160,Wake Forest University,OTHER,False,academic
NCT01951105,Northwestern University,OTHER,False,academic
NCT05594407,Aretaieion University Hospital,OTHER,False,academic
NCT00879021,Nova Scotia Health Authority,OTHER,False,government
NCT00348491,Novartis Pharmaceuticals,INDUSTRY,True,industry
NCT00872209,Otic Pharma,INDUSTRY,True,industry
NCT02497911,Thomas Jefferson University,OTHER,False,academic
NCT03599635,University of Minnesota,OTHER,False,academic
NCT02957097,Massachusetts General Hospital,OTHER,False,hospital
NCT04685291,Eckehart SCHÖLL,OTHER,False,other
NCT06843343,Duke University,OTHER,False,academic
NCT04094532,Ataturk University,OTHER,False,academic
NCT04660175,Jaseng Medical Foundation,OTHER,False,research_nonprofit
NCT03063658,Ankara University,OTHER,False,academic
NCT03301766,Cook County Health,OTHER_GOV,False,government
NCT04202406,Cairo University,OTHER,False,academic
NCT04662242,Chang Gung Memorial Hospital,OTHER,False,hospital
NCT00327730,Eisai Inc.,INDUSTRY,True,industry
NCT00435487,Pfizer,INDUSTRY,True,industry
NCT04976842,Attikon Hospital,OTHER,False,hospital
NCT06017999,Xgene Pharmaceutical Group,INDUSTRY,True,industry
NCT00094887,Mallinckrodt,INDUSTRY,True,industry
NCT02926573,Washington University School of Medicine,OTHER,False,academic
NCT00685295,Massachusetts General Hospital,OTHER,False,hospital
NCT01902134,Menarini Group,INDUSTRY,True,industry
NCT00779038,Janssen Cilag N.V./S.A.,INDUSTRY,True,industry
NCT01538745,Brooke Army Medical Center,FED,False,government
NCT03540095,University of Pittsburgh,OTHER,False,academic
NCT01168531,Yonsei University,OTHER,False,academic
NCT03088800,Antonios Likourezos,OTHER,False,individual
NCT05068063,University of Chile,OTHER,False,academic
NCT04680286,University of Aarhus,OTHER,False,academic
NCT04799041,Algenis SpA,INDUSTRY,True,industry
NCT05114265,"Kures, Inc.",INDUSTRY,True,industry
NCT02629042,"University Hospital, Bordeaux",OTHER,False,academic
NCT05721027,Montefiore Medical Center,OTHER,False,hospital
NCT03385967,University of Florida,OTHER,False,academic
NCT03967197,Centre hospitalier de l'Université de Montréal (CHUM),OTHER,False,academic
NCT03363035,Second Xiangya Hospital of Central South University,OTHER,False,academic
NCT04393207,Yale University,OTHER,False,academic
NCT02077140,Medtronic Spinal and Biologics,INDUSTRY,True,industry
NCT01666197,Novartis,INDUSTRY,True,industry
NCT00246389,"McNeil Consumer & Specialty Pharmaceuticals, a Division of McNeil-PPC, Inc.",INDUSTRY,True,industry
NCT03111342,University of Sao Paulo,OTHER,False,academic
NCT02187614,Hamad Medical Corporation,INDUSTRY,True,industry
NCT05383820,University of Guadalajara,OTHER,False,academic
NCT02920528,Lundquist Institute for Biomedical Innovation at Harbor-UCLA Medical Center,OTHER,False,hospital
NCT02437669,Columbia University,OTHER,False,academic
NCT03315533,Rhode Island Hospital,OTHER,False,hospital
NCT01858402,Baskent University,OTHER,False,academic
NCT00774540,Oslo University Hospital,OTHER,False,academic
NCT04622904,Aretaieion University Hospital,OTHER,False,academic
NCT03066622,HealthPartners Institute,OTHER,False,research_nonprofit
NCT01361802,Boehringer Ingelheim,INDUSTRY,True,industry
NCT00493246,Mallinckrodt,INDUSTRY,True,industry
NCT04290442,Bruce Ben-David,OTHER,False,individual
NCT03421613,"CDA Research Group, Inc.",INDUSTRY,True,industry
NCT01530542,Pfizer,INDUSTRY,True,industry
NCT02483221,University of Erlangen-Nürnberg Medical School,OTHER,False,academic
NCT02679560,Ian Elliott Brown,OTHER,False,individual
NCT00788710,Organon and Co,INDUSTRY,True,industry
NCT01429285,Montefiore Medical Center,OTHER,False,hospital
NCT04622735,"Unither Pharmaceuticals, France",INDUSTRY,True,industry
NCT03915938,Hospital de Clinicas de Porto Alegre,OTHER,False,hospital
NCT05885230,Beni-Suef University,OTHER,False,academic
NCT00588159,Michelle Kinney,OTHER,False,individual
NCT02005601,"Hospital for Special Surgery, New York",OTHER,False,hospital
NCT04313959,Instituto do Coracao,OTHER_GOV,False,government
NCT01053039,University of Calgary,OTHER,False,academic
NCT03695887,University of Manitoba,OTHER,False,academic
NCT03610893,University of Chile,OTHER,False,academic
NCT00598559,Mallinckrodt,INDUSTRY,True,industry
NCT07565662,Universidad Juárez Autónoma de Tabasco,OTHER,False,academic
NCT06364540,Antonios Likourezos,OTHER,False,individual
NCT06982755,The First Affiliated Hospital of Hunan University of Traditional Chinese Medicine,OTHER,False,academic
NCT03240783,"St George Hospital, Australia",OTHER,False,hospital
NCT03215056,Medical Developments International Limited,INDUSTRY,True,industry
NCT06630364,Medipol University,OTHER,False,academic
NCT01460667,McLaren Regional Medical Center,OTHER,False,hospital
NCT05843344,Dr Kassiani Theodoraki,OTHER,False,individual
NCT03825471,Tri-Service General Hospital (TSGH),OTHER,False,hospital
NCT01388946,University of Athens,OTHER,False,academic
NCT07274254,Nantes University Hospital,OTHER,False,academic
NCT03761407,Grünenthal GmbH,INDUSTRY,True,industry
NCT05115955,Tri-Service General Hospital (TSGH),OTHER,False,hospital
NCT00133003,Deutsches Herzzentrum Muenchen,OTHER,False,hospital
NCT03388814,Wake Forest University Health Sciences,OTHER,False,academic
NCT01982539,Depomed,INDUSTRY,True,industry
NCT01806818,Hanmi Pharmaceutical Company Limited,INDUSTRY,True,industry
NCT02137525,INSYS Therapeutics Inc,INDUSTRY,True,industry
NCT06215859,Viatris Specialty LLC,INDUSTRY,True,industry
NCT02801799,Nordsjaellands Hospital,OTHER,False,hospital
NCT01990404,"University Hospital, Toulouse",OTHER,False,academic
NCT07182110,Makassed General Hospital,OTHER,False,hospital
NCT03468348,Assiut University,OTHER,False,academic
NCT06260046,Seoul National University Hospital,OTHER,False,academic
NCT06478758,Giresun University,OTHER,False,academic
NCT05289050,Ling Dong,OTHER,False,individual
NCT02465255,IRCCS Burlo Garofolo,OTHER,False,other
NCT03745963,IWK Health Centre,OTHER,False,hospital
NCT00993863,"Cubist Pharmaceuticals LLC, a subsidiary of Merck & Co., Inc. (Rahway, New Jersey USA)",INDUSTRY,True,industry
NCT02302586,Istanbul University,OTHER,False,academic
NCT02035904,Fondazione IRCCS Policlinico San Matteo di Pavia,OTHER,False,research_nonprofit
NCT07486245,CMH Multan Institute of Medical Sciences,OTHER_GOV,False,government
NCT05389150,Laboratorios Silanes S.A. de C.V.,INDUSTRY,True,industry
NCT04927247,Pfizer,INDUSTRY,True,industry
NCT06916234,ibrahim doğru,OTHER,False,other
NCT00765700,"Imprimis Pharmaceuticals, Inc.",INDUSTRY,True,industry
NCT02633969,"Iroko Pharmaceuticals, LLC",INDUSTRY,True,industry
NCT01311895,Montefiore Medical Center,OTHER,False,hospital
NCT04387136,University of Minnesota,OTHER,False,academic
NCT01543685,"Iroko Pharmaceuticals, LLC",INDUSTRY,True,industry
NCT07434427,Medical University of Silesia,OTHER,False,academic
NCT04880707,"Rutgers, The State University of New Jersey",OTHER,False,academic
NCT04293172,AstraZeneca,INDUSTRY,True,industry
NCT04282200,University of Cincinnati,OTHER,False,academic
NCT00377468,Ludwig-Maximilians - University of Munich,OTHER,False,academic
NCT07714369,"The University of Texas Health Science Center, Houston",OTHER,False,academic
NCT02814565,Takeda,INDUSTRY,True,industry
NCT05034952,Vertex Pharmaceuticals Incorporated,INDUSTRY,True,industry
NCT02132312,Omeros Corporation,INDUSTRY,True,industry
NCT05255562,Atatürk Chest Diseases and Chest Surgery Training and Research Hospital,OTHER,False,hospital
NCT00170781,Novartis,INDUSTRY,True,industry
NCT03560427,Assiut University,OTHER,False,academic
NCT03178539,Assiut University,OTHER,False,academic
NCT06215820,Viatris Specialty LLC,INDUSTRY,True,industry
NCT04908748,"Teikoku Seiyaku Co., Ltd.",INDUSTRY,True,industry
NCT03490903,"University of California, Los Angeles",OTHER,False,academic
NCT01322061,American University of Beirut Medical Center,OTHER,False,academic
NCT06887972,Vertex Pharmaceuticals Incorporated,INDUSTRY,True,industry
NCT01345162,Fondazione IRCCS Policlinico San Matteo di Pavia,OTHER,False,research_nonprofit
NCT02527083,VA Pittsburgh Healthcare System,FED,False,government
NCT06863636,Laboratorios Silanes S.A. de C.V.,INDUSTRY,True,industry
NCT00252122,Children's Hospital of Philadelphia,OTHER,False,hospital
NCT03927781,University of Missouri-Columbia,OTHER,False,academic
NCT02642263,"Insel Gruppe AG, University Hospital Bern",OTHER,False,academic
NCT01390324,Ache Laboratorios Farmaceuticos S.A.,INDUSTRY,True,industry
NCT02733341,The Royal Wolverhampton Hospitals NHS Trust,OTHER_GOV,False,government
NCT02209454,Menarini Group,INDUSTRY,True,industry
NCT03314792,Oslo University Hospital,OTHER,False,academic
NCT06545097,"Tris Pharma, Inc.",INDUSTRY,True,industry
NCT02703259,Christiana Care Health Services,OTHER,False,hospital
NCT03521102,Montefiore Medical Center,OTHER,False,hospital
NCT00617747,AstraZeneca,INDUSTRY,True,industry
NCT02753114,University of British Columbia,OTHER,False,academic
NCT01951963,HealthPartners Institute,OTHER,False,research_nonprofit
NCT02161354,NanoSHIFT LLC,INDUSTRY,True,industry
NCT02432456,Medical College of Wisconsin,OTHER,False,academic
NCT01306266,Henry M. Jackson Foundation for the Advancement of Military Medicine,OTHER,False,government
NCT06495632,Cape Fear Valley Health System,OTHER,False,hospital
NCT00337116,Soroka University Medical Center,OTHER,False,academic
NCT06774625,Latigo Biotherapeutics,INDUSTRY,True,industry
NCT00726830,M.D. Anderson Cancer Center,OTHER,False,hospital
NCT03526874,Children's Hospital of Philadelphia,OTHER,False,hospital
NCT02170103,University of Nebraska,OTHER,False,academic
NCT01774838,University of Cologne,OTHER,False,academic
NCT04130204,"Dyve Biosciences, Inc.",INDUSTRY,True,industry
NCT02483897,Queen's University,OTHER,False,academic
NCT02672202,Rambam Health Care Campus,OTHER,False,hospital
NCT05335070,"Rutgers, The State University of New Jersey",OTHER,False,academic
NCT06231043,Lampang Hospital,OTHER,False,hospital
NCT05563155,Vejle Hospital,OTHER,False,hospital
NCT01028079,Bayer,INDUSTRY,True,industry
NCT01906008,M.D. Anderson Cancer Center,OTHER,False,hospital
NCT00281684,GlaxoSmithKline,INDUSTRY,True,industry
NCT02817321,Cui Xulei,OTHER,False,individual
NCT06051630,Université NAZI BONI,OTHER,False,academic
NCT04968158,Laboratorios Silanes S.A. de C.V.,INDUSTRY,True,industry
NCT05380063,China National Center for Cardiovascular Diseases,OTHER_GOV,False,government
NCT04969133,Centre Hospitalier Universitaire de Besancon,OTHER,False,academic
NCT06511765,Elsan,OTHER,False,private_practice
NCT01529190,Federal University of São Paulo,OTHER,False,government
NCT03861611,Montefiore Medical Center,OTHER,False,hospital
NCT02985840,OhioHealth,OTHER,False,hospital
NCT01096927,"Maggiore Bellaria Hospital, Bologna",OTHER,False,hospital
NCT02287623,University of Minnesota,OTHER,False,academic
NCT00286065,YM BioSciences,INDUSTRY,True,industry
NCT03120351,The Cleveland Clinic,OTHER,False,hospital
NCT06857734,Benha University,OTHER,False,academic
NCT02866071,Jason McMullan,OTHER,False,individual
NCT06932835,Ankara Etlik City Hospital,OTHER_GOV,False,government
NCT07491393,"University Hospital, Rouen",OTHER,False,academic
NCT07549490,National Center for Complementary and Integrative Health (NCCIH),NIH,False,government
NCT01535079,Pierre Fabre Medicament,INDUSTRY,True,industry
NCT03236805,Nantes University Hospital,OTHER,False,academic
NCT01038609,"AbbVie (prior sponsor, Abbott)",INDUSTRY,True,industry
NCT06344195,Dow University of Health Sciences,OTHER,False,academic
NCT01785862,Pierre Fabre Medicament,INDUSTRY,True,industry
NCT01587274,Montefiore Medical Center,OTHER,False,hospital
NCT07429019,Hadassah Medical Organization,OTHER,False,hospital
NCT05422001,University of Aarhus,OTHER,False,academic
NCT04172727,Ataturk University,OTHER,False,academic
NCT00783016,Seoul National University Hospital,OTHER,False,academic
NCT02069184,Montefiore Medical Center,OTHER,False,hospital
NCT05661734,Vertex Pharmaceuticals Incorporated,INDUSTRY,True,industry
NCT00507026,Pfizer,INDUSTRY,True,industry
NCT06394830,"Vaneltix Pharma, Inc.",INDUSTRY,True,industry
NCT06864884,"Arcato Laboratories, Inc.",INDUSTRY,True,industry
NCT06974032,"University of California, San Diego",OTHER,False,academic
NCT01298297,Tehran University of Medical Sciences,OTHER,False,academic
NCT03681574,Hospital Infantil Albert Sabin,OTHER,False,hospital
NCT02934061,MDM S.p.A.,OTHER,True,industry
NCT02040415,"Daewon Pharmaceutical Co., Ltd.",INDUSTRY,True,industry
NCT00148499,Boehringer Ingelheim,INDUSTRY,True,industry
NCT01616004,Tel-Aviv Sourasky Medical Center,OTHER_GOV,False,government
NCT02462850,"Charleston Laboratories, Inc",INDUSTRY,True,industry
NCT02752971,Hospital Central Dr. Luis Ortega,OTHER,False,hospital
NCT04618497,"Hospital Authority, Hong Kong",OTHER_GOV,False,government
NCT02479971,Hospital General Universitario Elche,OTHER,False,academic
NCT03825887,Children's Cancer Hospital Egypt 57357,OTHER,False,hospital
NCT07579975,Saglik Bilimleri Universitesi Gazi Yasargil Training and Research Hospital,OTHER,False,academic
NCT03653260,Lee's Pharmaceutical Limited,INDUSTRY,True,industry
NCT04484428,"Kowa Research Institute, Inc.",INDUSTRY,True,industry
NCT02092454,"Otic Therapy, LLC",INDUSTRY,True,industry
NCT05359731,University of Chile,OTHER,False,academic
NCT03266445,Massachusetts General Hospital,OTHER,False,hospital
NCT01586143,"University Hospital, Clermont-Ferrand",OTHER,False,academic
NCT04879004,Democritus University of Thrace,OTHER,False,academic
NCT04166877,"University of California, Davis",OTHER,False,academic
NCT07240649,Jay C. Buckey Jr.,OTHER,False,other
NCT03980990,University of Saskatchewan,OTHER,False,academic
NCT07126483,Ondokuz Mayıs University,OTHER,False,academic
NCT04852484,Aretaieion University Hospital,OTHER,False,academic
NCT03693820,Alaa Mazy Mazy,OTHER,False,individual
NCT00001724,National Institute of Dental and Craniofacial Research (NIDCR),NIH,False,government
NCT03422861,"Samuel Lunenfeld Research Institute, Mount Sinai Hospital",OTHER,False,hospital
NCT02037412,Yonsei University,OTHER,False,academic
NCT04162028,Antonios Likourezos,OTHER,False,individual
NCT03311594,Syracuse University,OTHER,False,academic
NCT03199924,University of Monastir,OTHER,False,academic
NCT06656299,Sehit Prof. Dr. Ilhan Varank Sancaktepe Training and Research Hospital,OTHER,False,hospital
NCT02781415,University of Monastir,OTHER,False,academic
NCT03257319,"University Hospital, Rouen",OTHER,False,academic
NCT04163185,"Axsome Therapeutics, Inc.",INDUSTRY,True,industry
NCT04656821,Tanta University,OTHER,False,academic
NCT02081391,Grünenthal GmbH,INDUSTRY,True,industry
NCT00440830,Columbia University,OTHER,False,academic
NCT00627367,Montefiore Medical Center,OTHER,False,hospital
NCT04779567,Pontificia Universidad Catolica de Chile,OTHER,False,academic
NCT03922620,Geisinger Clinic,OTHER,False,hospital
NCT01742689,Tehran University of Medical Sciences,OTHER,False,academic
NCT02914015,Cui Xulei,OTHER,False,individual
NCT05173090,University of Liege,OTHER,False,academic
NCT01516008,"Janssen Research & Development, LLC",INDUSTRY,True,industry
NCT01701921,Larissa University Hospital,OTHER,False,academic
NCT03470038,Aalborg University,OTHER,False,academic
NCT04689217,Cairo University,OTHER,False,academic
NCT05935059,"National Cancer Institute, Egypt",OTHER,False,government
NCT00560183,QRxPharma Inc.,INDUSTRY,True,industry
NCT01757418,Albert Einstein College of Medicine,OTHER,False,academic
NCT01157819,Otic Pharma,INDUSTRY,True,industry
NCT06235606,The University of Hong Kong,OTHER,False,academic
NCT06299137,Rhode Island Hospital,OTHER,False,hospital
NCT05672394,"National Cancer Institute, Egypt",OTHER,False,government
NCT05142176,Tanta University,OTHER,False,academic
NCT01492361,Amarin Pharma Inc.,INDUSTRY,True,industry
NCT00640432,Pfizer's Upjohn has merged with Mylan to form Viatris Inc.,INDUSTRY,True,industry
NCT00251576,Organon and Co,INDUSTRY,True,industry
NCT05090761,Wayne State University,OTHER,False,academic
NCT06499090,Assiut University,OTHER,False,academic
NCT00617695,"Impax Laboratories, LLC",INDUSTRY,True,industry
NCT05707754,Montefiore Medical Center,OTHER,False,hospital
NCT02521311,"University of California, San Francisco",OTHER,False,academic
NCT05669924,Northwestern University,OTHER,False,academic
NCT03764072,Vertex Pharmaceuticals Incorporated,INDUSTRY,True,industry
NCT00181818,Massachusetts General Hospital,OTHER,False,hospital
NCT06619847,Vertex Pharmaceuticals Incorporated,INDUSTRY,True,industry
NCT02293395,"Janssen Research & Development, LLC",INDUSTRY,True,industry
NCT03549026,Assiut University,OTHER,False,academic
NCT05829707,Osijek University Hospital,OTHER,False,academic
NCT07463430,"University of California, San Diego",OTHER,False,academic
NCT05472090,"Tonix Pharmaceuticals, Inc.",INDUSTRY,True,industry
NCT02746263,Mallinckrodt,INDUSTRY,True,industry
NCT04013958,Tel-Aviv Sourasky Medical Center,OTHER_GOV,False,government
NCT00643383,Labopharm Inc.,INDUSTRY,True,industry
NCT06320041,The Fourth Affiliated Hospital of Zhejiang University School of Medicine,OTHER,False,academic
NCT03095222,University of Kansas Medical Center,OTHER,False,academic
NCT00102791,Icagen,INDUSTRY,True,industry
NCT01667744,Henry Ford Health System,OTHER,False,hospital
NCT03171987,Taipei Medical University Hospital,OTHER,False,academic
NCT04626063,Istanbul University,OTHER,False,academic
NCT05150431,National Taiwan University Hospital,OTHER,False,academic
NCT05325580,University of Monastir,OTHER,False,academic
NCT01350583,H. Lee Moffitt Cancer Center and Research Institute,OTHER,False,hospital
NCT00269022,GlaxoSmithKline,INDUSTRY,True,industry
NCT07147049,"Shanghai Yidian Pharmaceutical Technology Development Co., Ltd.",INDUSTRY,True,industry
NCT07618676,Institute for Oncology and Radiology of Serbia,OTHER,False,research_nonprofit
NCT00573170,GlaxoSmithKline,INDUSTRY,True,industry
NCT06989567,"Asklepion Pharmaceuticals, LLC",INDUSTRY,True,industry
NCT00839787,University of Texas Southwestern Medical Center,OTHER,False,academic
NCT02767349,Mallinckrodt,INDUSTRY,True,industry
NCT07266974,Jaweria Gul Keyani,OTHER,False,individual
NCT04883034,Gadjah Mada University,OTHER,False,academic
NCT06680466,"Shanghai Haiyan Pharmaceutical Technology Co., Ltd.",INDUSTRY,True,industry
NCT03502889,San Antonio Uniformed Services Health Education Consortium,FED,False,government
NCT06379425,Northwell Health,OTHER,False,hospital
NCT05283980,Beth Israel Deaconess Medical Center,OTHER,False,hospital
NCT00478023,Grünenthal GmbH,INDUSTRY,True,industry
NCT03063671,Assiut University,OTHER,False,academic
NCT03362216,Peking University People's Hospital,OTHER,False,academic
NCT01954368,Centre Hospitalier Universitaire de Nice,OTHER,False,academic
NCT03429738,Institut für Pharmakologie und Präventive Medizin,NETWORK,False,network
NCT00043784,Sanofi,INDUSTRY,True,industry
NCT00743925,Anthera Pharmaceuticals,INDUSTRY,True,industry
NCT04177862,University of Minnesota,OTHER,False,academic
NCT01761656,Central South University,OTHER,False,academic
NCT03244540,Medical University of Lublin,OTHER,False,academic
NCT05239767,Montefiore Medical Center,OTHER,False,hospital
NCT03233035,University of Monastir,OTHER,False,academic
NCT00150280,Pfizer's Upjohn has merged with Mylan to form Viatris Inc.,INDUSTRY,True,industry
NCT01546701,Tehran University of Medical Sciences,OTHER,False,academic
NCT06178757,Medipol University,OTHER,False,academic
NCT07618182,College of Physicians and Surgeons Pakistan,OTHER,False,academic
NCT03865004,Akdeniz University,OTHER,False,academic
NCT00682435,Montefiore Medical Center,OTHER,False,hospital
NCT02289079,University of Minnesota,OTHER,False,academic
NCT02479828,Asklepieion Voulas General Hospital,OTHER_GOV,False,government
NCT01825863,Bispebjerg Hospital,OTHER,False,hospital
NCT01372839,Xijing Hospital,OTHER,False,hospital
NCT03883347,University of Athens,OTHER,False,academic
NCT02462681,Assiut University,OTHER,False,academic
NCT05544656,Semmelweis University,OTHER,False,academic
NCT04148495,Nantes University Hospital,OTHER,False,academic
NCT05118620,"University of California, San Diego",OTHER,False,academic
NCT00581685,Sunnybrook Health Sciences Centre,OTHER,False,hospital
NCT07419815,Shaukat Khanum Memorial Cancer Hospital & Research Centre,OTHER,False,hospital
NCT07046325,Ain Shams University,OTHER,False,academic
NCT01339156,Piramal Enterprises Limited,INDUSTRY,True,industry
NCT06201676,Massachusetts General Hospital,OTHER,False,hospital
NCT05347394,Vertex Pharmaceuticals Incorporated,INDUSTRY,True,industry
NCT00709436,"Hospira, now a wholly owned subsidiary of Pfizer",INDUSTRY,True,industry
NCT00236535,"Johnson & Johnson Pharmaceutical Research & Development, L.L.C.",INDUSTRY,True,industry
NCT04301895,"University of California, San Francisco",OTHER,False,academic
NCT01062113,Pfizer's Upjohn has merged with Mylan to form Viatris Inc.,INDUSTRY,True,industry
NCT03770208,"Western University, Canada",OTHER,False,academic
NCT02621619,Montefiore Medical Center,OTHER,False,hospital
NCT00880373,London North West Healthcare NHS Trust,OTHER,False,government
NCT06728553,Manistee Therapeutics,INDUSTRY,True,industry
NCT01729728,Grünenthal GmbH,INDUSTRY,True,industry
NCT01968005,"MEDRx USA, Inc.",INDUSTRY,True,industry
NCT05229055,University of Monastir,OTHER,False,academic
NCT06392087,Ottawa Hospital Research Institute,OTHER,False,hospital
NCT03581123,University of Minnesota,OTHER,False,academic
NCT06932367,Ali Gur,OTHER,False,individual
NCT06395428,Western Michigan University School of Medicine,OTHER,False,academic
NCT00116012,"ARCA Biopharma, Inc.",INDUSTRY,True,industry
NCT04523623,Washington University School of Medicine,OTHER,False,academic
NCT04182880,Cali Pharmaceuticals LLC,INDUSTRY,True,industry
NCT01804673,Janssen-Cilag G.m.b.H,INDUSTRY,True,industry
NCT06614257,Fondazione Policlinico Universitario Campus Bio-Medico,OTHER,False,academic
NCT00917436,Sanofi,INDUSTRY,True,industry
NCT04333992,Yeungnam University College of Medicine,OTHER,False,academic
NCT06835504,Columbia University,OTHER,False,academic
NCT03275922,"Impax Laboratories, LLC",INDUSTRY,True,industry
NCT06281951,"University Hospital, Rouen",OTHER,False,academic
NCT00817986,"XenoPort, Inc.",INDUSTRY,True,industry
NCT03894800,Oslo University Hospital,OTHER,False,academic
NCT05385523,"Armed Forces College of Medicine, Cairo, Egypt",OTHER,False,government
NCT05543785,Mansoura University,OTHER,False,academic
NCT03305055,Johns Hopkins University,OTHER,False,academic
NCT05737121,"Vaneltix Pharma, Inc.",INDUSTRY,True,industry
NCT04717986,Instituto Mexicano del Seguro Social,OTHER_GOV,False,government
NCT00595530,Connecticut Children's Medical Center,OTHER,False,hospital
NCT01462812,Optinose US Inc.,INDUSTRY,True,industry
NCT07587645,"ISSSTE Hospital Regional ""Gral. Ignacio Zaragoza""",OTHER_GOV,False,government
NCT04912869,Hoffmann-La Roche,INDUSTRY,True,industry
NCT02982889,"Liquidia Technologies, Inc.",INDUSTRY,True,industry
NCT02616068,Daiichi Sankyo Brasil Farmacêutica LTDA,INDUSTRY,True,industry
NCT05561257,Pascoe Pharmazeutische Praeparate GmbH,INDUSTRY,True,industry
NCT01679366,Ziv Hospital,OTHER_GOV,False,government
NCT05057689,Nationwide Children's Hospital,OTHER,False,hospital
NCT02335294,Trevena Inc.,INDUSTRY,True,industry
NCT00986180,"Ortho-McNeil Janssen Scientific Affairs, LLC",INDUSTRY,True,industry
NCT05672667,Wake Forest University Health Sciences,OTHER,False,academic
NCT01441531,Baylor College of Medicine,OTHER,False,academic
NCT02373254,"University of California, Davis",OTHER,False,academic
NCT01787110,Karolinska Institutet,OTHER,False,academic
NCT06725485,The Methodist Hospital Research Institute,OTHER,False,hospital
NCT06493838,Minia University,OTHER,False,academic
NCT05807945,Paola M Zamora Munoz,OTHER,False,other
NCT01997567,Rush University Medical Center,OTHER,False,academic
NCT05558410,Vertex Pharmaceuticals Incorporated,INDUSTRY,True,industry
NCT03122314,Pamukkale University,OTHER,False,academic
NCT02645903,Inonu University,OTHER,False,academic
NCT01874626,"Strategic Science & Technologies, LLC",INDUSTRY,True,industry
NCT07057934,Dr. Lutfi Kirdar Kartal Training and Research Hospital,OTHER_GOV,False,government
NCT04175743,"Lotus Clinical Research, LLC",OTHER,True,industry
NCT00364247,"Johnson & Johnson Pharmaceutical Research & Development, L.L.C.",INDUSTRY,True,industry
NCT06514365,Germans Trias i Pujol Hospital,OTHER,False,hospital
NCT00677053,Takeda,INDUSTRY,True,industry
NCT00792376,Argentine Tennis Association,OTHER,False,research_nonprofit
NCT05863221,Dr. Yannis Raftopoulos,OTHER,False,individual
NCT02032303,Azienda Policlinico Umberto I,OTHER,False,other
NCT03571919,Stanford University,OTHER,False,academic
NCT01066520,Biologische Heilmittel Heel GmbH,INDUSTRY,True,industry
NCT05868122,Johnson & Johnson Consumer Inc. (J&JCI),INDUSTRY,True,industry
NCT02935933,Assiut University,OTHER,False,academic
NCT03137498,The Brooklyn Hospital Center,OTHER,False,hospital
NCT01622322,The Cleveland Clinic,OTHER,False,hospital
NCT02306759,The Brooklyn Hospital Center,OTHER,False,hospital
NCT01465984,Tehran University of Medical Sciences,OTHER,False,academic
NCT05187520,E-DA Hospital,OTHER,False,hospital
NCT00663169,Novartis,INDUSTRY,True,industry
NCT01461031,The Catholic University of Korea,OTHER,False,academic
NCT00170898,Novartis,INDUSTRY,True,industry
NCT04137198,Centre Hospitalier Universitaire Saint Pierre,OTHER,False,academic
NCT00613938,"Johnson & Johnson Pharmaceutical Research & Development, L.L.C.",INDUSTRY,True,industry
NCT03424707,"Daewon Pharmaceutical Co., Ltd.",INDUSTRY,True,industry
NCT03587636,University of Minnesota,OTHER,False,academic
NCT07511400,Medical University of Vienna,OTHER,False,academic
NCT02804126,Michał Borys,OTHER,False,individual
