timestamp_utc,checkpoint,n_records,detail
2026-07-20T18:31:50.942782+00:00,api_totalCount,2416,query.cond='acute pain'
2026-07-20T18:31:52.099787+00:00,records_fetched,2416,
2026-07-20T18:31:52.100158+00:00,reconciliation_ok,2416,fetched == totalCount (2416)
2026-07-20T18:31:52.105898+00:00,scoped_trials,1254,scope=DRUG
2026-07-20T19:26:51.567838+00:00,api_totalCount,2416,query.cond='acute pain'
2026-07-20T19:26:52.765536+00:00,records_fetched,2416,
2026-07-20T19:26:52.765647+00:00,reconciliation_ok,2416,fetched == totalCount (2416)
2026-07-20T19:26:52.768433+00:00,scoped_trials,1254,scope=DRUG
2026-07-22T02:02:31.823973+00:00,api_totalCount,2416,query.cond='acute pain'
2026-07-22T02:02:35.243985+00:00,records_fetched,2416,
2026-07-22T02:02:35.244154+00:00,reconciliation_ok,2416,fetched == totalCount (2416)
2026-07-22T02:02:35.247401+00:00,scoped_trials,1254,scope=DRUG
