component,k,n,prevalence,ci_low,ci_high
Randomized (A1),1139,1254,0.9083,0.891,0.923
Any blinding (A2),999,1254,0.7967,0.7735,0.818
Double-blind+ (A2),891,1254,0.7105,0.6848,0.735
Meets power floor (A4),837,1252,0.6685,0.642,0.6941
Has comparator arm (A6),1008,1254,0.8038,0.7809,0.8249
"Attrition <20% (A3, results-posted)",271,311,0.8714,0.8296,0.9041
Pivotal phase 3/4 (B1),700,1254,0.5582,0.5306,0.5855
Treatment purpose (B2),1017,1254,0.811,0.7884,0.8317
Multi-arm >=3 (B3),345,1254,0.2751,0.2511,0.3005
Results posted,314,1254,0.2504,0.2272,0.2751
Own publication linked,83,1254,0.0662,0.0537,0.0813
Independent citation (DERIVED),283,1254,0.2257,0.2034,0.2496
IPD-sharing pledged,97,1254,0.0774,0.0638,0.0935
DMC oversight,407,1046,0.3891,0.36,0.419
